half,minutes,seconds,universal,uconn,duke,diff,individual_points,player,team
1,20,00,1,0,0,0,0,,
1,19,59,2,0,0,0,0,,
1,19,58,3,0,0,0,0,,
1,19,57,4,0,0,0,0,,
1,19,56,5,0,0,0,0,,
1,19,55,6,0,0,0,0,,
1,19,54,7,0,0,0,0,,
1,19,53,8,0,0,0,0,,
1,19,52,9,0,0,0,0,,
1,19,51,10,0,0,0,0,,
1,19,50,11,0,0,0,0,,
1,19,49,12,0,0,0,0,,
1,19,48,13,0,0,0,0,,
1,19,47,14,0,0,0,0,,
1,19,46,15,0,0,0,0,,
1,19,45,16,0,0,0,0,,
1,19,44,17,0,0,0,0,,
1,19,43,18,0,0,0,0,,
1,19,42,19,0,0,0,0,,
1,19,41,20,0,0,0,0,,
1,19,40,21,0,0,0,0,,
1,19,39,22,2,0,-2,2,Tarris Reed Jr,Uconn
1,19,38,23,2,0,-2,0,,
1,19,37,24,2,0,-2,0,,
1,19,36,25,2,0,-2,0,,
1,19,35,26,2,0,-2,0,,
1,19,34,27,2,0,-2,0,,
1,19,33,28,2,0,-2,0,,
1,19,32,29,2,0,-2,0,,
1,19,31,30,2,0,-2,0,,
1,19,30,31,2,0,-2,0,,
1,19,29,32,2,0,-2,0,,
1,19,28,33,2,0,-2,0,,
1,19,27,34,2,0,-2,0,,
1,19,26,35,2,0,-2,0,,
1,19,25,36,2,0,-2,0,,
1,19,24,37,2,0,-2,0,,
1,19,23,38,2,0,-2,0,,
1,19,22,39,2,0,-2,0,,
1,19,21,40,2,0,-2,0,,
1,19,20,41,2,0,-2,0,,
1,19,19,42,2,0,-2,0,,
1,19,18,43,2,0,-2,0,,
1,19,17,44,2,0,-2,0,,
1,19,16,45,2,0,-2,0,,
1,19,15,46,2,0,-2,0,,
1,19,14,47,2,0,-2,0,,
1,19,13,48,2,0,-2,0,,
1,19,12,49,2,0,-2,0,,
1,19,11,50,2,0,-2,0,,
1,19,10,51,2,0,-2,0,,
1,19,09,52,2,0,-2,0,,
1,19,08,53,2,0,-2,0,,
1,19,07,54,2,0,-2,0,,
1,19,06,55,2,0,-2,0,,
1,19,05,56,2,0,-2,0,,
1,19,04,57,2,0,-2,0,,
1,19,03,58,2,0,-2,0,,
1,19,02,59,2,0,-2,0,,
1,19,01,60,2,0,-2,0,,
1,19,00,61,2,0,-2,0,,
1,18,59,62,2,0,-2,0,,
1,18,58,63,2,0,-2,0,,
1,18,57,64,2,0,-2,0,,
1,18,56,65,2,0,-2,0,,
1,18,55,66,2,0,-2,0,,
1,18,54,67,2,0,-2,0,,
1,18,53,68,2,0,-2,0,,
1,18,52,69,2,0,-2,0,,
1,18,51,70,2,0,-2,0,,
1,18,50,71,2,0,-2,0,,
1,18,49,72,2,0,-2,0,,
1,18,48,73,2,2,0,2,Dame Sarr,Duke
1,18,47,74,2,2,0,0,,
1,18,46,75,2,2,0,0,,
1,18,45,76,2,2,0,0,,
1,18,44,77,2,2,0,0,,
1,18,43,78,2,2,0,0,,
1,18,42,79,2,2,0,0,,
1,18,41,80,2,2,0,0,,
1,18,40,81,2,2,0,0,,
1,18,39,82,2,2,0,0,,
1,18,38,83,2,2,0,0,,
1,18,37,84,2,2,0,0,,
1,18,36,85,2,2,0,0,,
1,18,35,86,2,2,0,0,,
1,18,34,87,2,2,0,0,,
1,18,33,88,2,2,0,0,,
1,18,32,89,2,2,0,0,,
1,18,31,90,2,2,0,0,,
1,18,30,91,2,2,0,0,,
1,18,29,92,2,2,0,0,,
1,18,28,93,2,2,0,0,,
1,18,27,94,2,2,0,0,,
1,18,26,95,2,4,2,2,Cameron Boozer,Duke
1,18,25,96,2,4,2,0,,
1,18,24,97,2,4,2,0,,
1,18,23,98,2,4,2,0,,
1,18,22,99,2,4,2,0,,
1,18,21,100,2,4,2,0,,
1,18,20,101,2,4,2,0,,
1,18,19,102,2,4,2,0,,
1,18,18,103,2,4,2,0,,
1,18,17,104,2,4,2,0,,
1,18,16,105,2,4,2,0,,
1,18,15,106,2,4,2,0,,
1,18,14,107,2,4,2,0,,
1,18,13,108,2,4,2,0,,
1,18,12,109,2,4,2,0,,
1,18,11,110,2,4,2,0,,
1,18,10,111,2,4,2,0,,
1,18,09,112,2,4,2,0,,
1,18,08,113,2,4,2,0,,
1,18,07,114,2,4,2,0,,
1,18,06,115,2,4,2,0,,
1,18,05,116,2,4,2,0,,
1,18,04,117,2,4,2,0,,
1,18,03,118,2,4,2,0,,
1,18,02,119,2,4,2,0,,
1,18,01,120,2,4,2,0,,
1,18,00,121,2,4,2,0,,
1,17,59,122,2,4,2,0,,
1,17,58,123,2,4,2,0,,
1,17,57,124,2,4,2,0,,
1,17,56,125,2,4,2,0,,
1,17,55,126,2,4,2,0,,
1,17,54,127,2,4,2,0,,
1,17,53,128,2,4,2,0,,
1,17,52,129,2,4,2,0,,
1,17,51,130,2,4,2,0,,
1,17,50,131,2,4,2,0,,
1,17,49,132,2,4,2,0,,
1,17,48,133,2,4,2,0,,
1,17,47,134,2,4,2,0,,
1,17,46,135,2,4,2,0,,
1,17,45,136,2,7,5,3,Isaiah Evans,Duke
1,17,44,137,2,7,5,0,,
1,17,43,138,2,7,5,0,,
1,17,42,139,2,7,5,0,,
1,17,41,140,2,7,5,0,,
1,17,40,141,2,7,5,0,,
1,17,39,142,2,7,5,0,,
1,17,38,143,2,7,5,0,,
1,17,37,144,2,7,5,0,,
1,17,36,145,2,7,5,0,,
1,17,35,146,2,7,5,0,,
1,17,34,147,2,7,5,0,,
1,17,33,148,2,7,5,0,,
1,17,32,149,2,7,5,0,,
1,17,31,150,2,7,5,0,,
1,17,30,151,2,7,5,0,,
1,17,29,152,2,7,5,0,,
1,17,28,153,2,7,5,0,,
1,17,27,154,2,7,5,0,,
1,17,26,155,2,7,5,0,,
1,17,25,156,2,7,5,0,,
1,17,24,157,2,7,5,0,,
1,17,23,158,2,7,5,0,,
1,17,22,159,2,7,5,0,,
1,17,21,160,2,7,5,0,,
1,17,20,161,2,7,5,0,,
1,17,19,162,2,7,5,0,,
1,17,18,163,4,7,3,2,Tarris Reed Jr,Uconn
1,17,17,164,4,7,3,0,,
1,17,16,165,4,7,3,0,,
1,17,15,166,4,7,3,0,,
1,17,14,167,4,7,3,0,,
1,17,13,168,4,7,3,0,,
1,17,12,169,4,7,3,0,,
1,17,11,170,4,7,3,0,,
1,17,10,171,4,7,3,0,,
1,17,09,172,4,7,3,0,,
1,17,08,173,4,7,3,0,,
1,17,07,174,4,7,3,0,,
1,17,06,175,4,7,3,0,,
1,17,05,176,4,7,3,0,,
1,17,04,177,4,7,3,0,,
1,17,03,178,4,9,5,2,Cayden Boozer,Duke
1,17,02,179,4,9,5,0,,
1,17,01,180,4,9,5,0,,
1,17,00,181,4,9,5,0,,
1,16,59,182,4,9,5,0,,
1,16,58,183,4,9,5,0,,
1,16,57,184,4,9,5,0,,
1,16,56,185,4,9,5,0,,
1,16,55,186,4,9,5,0,,
1,16,54,187,4,9,5,0,,
1,16,53,188,4,9,5,0,,
1,16,52,189,4,9,5,0,,
1,16,51,190,4,9,5,0,,
1,16,50,191,4,9,5,0,,
1,16,49,192,4,9,5,0,,
1,16,48,193,4,9,5,0,,
1,16,47,194,4,9,5,0,,
1,16,46,195,4,9,5,0,,
1,16,45,196,4,9,5,0,,
1,16,44,197,4,9,5,0,,
1,16,43,198,4,9,5,0,,
1,16,42,199,6,9,3,2,Solo Ball,Uconn
1,16,41,200,6,9,3,0,,
1,16,40,201,6,9,3,0,,
1,16,39,202,6,9,3,0,,
1,16,38,203,6,9,3,0,,
1,16,37,204,6,9,3,0,,
1,16,36,205,6,9,3,0,,
1,16,35,206,6,9,3,0,,
1,16,34,207,6,9,3,0,,
1,16,33,208,6,9,3,0,,
1,16,32,209,6,9,3,0,,
1,16,31,210,6,9,3,0,,
1,16,30,211,6,9,3,0,,
1,16,29,212,6,9,3,0,,
1,16,28,213,6,9,3,0,,
1,16,27,214,6,9,3,0,,
1,16,26,215,6,9,3,0,,
1,16,25,216,6,9,3,0,,
1,16,24,217,6,9,3,0,,
1,16,23,218,6,9,3,0,,
1,16,22,219,6,9,3,0,,
1,16,21,220,6,9,3,0,,
1,16,20,221,6,9,3,0,,
1,16,19,222,6,9,3,0,,
1,16,18,223,6,9,3,0,,
1,16,17,224,6,12,6,3,Dame Sarr,Duke
1,16,16,225,6,12,6,0,,
1,16,15,226,6,12,6,0,,
1,16,14,227,6,12,6,0,,
1,16,13,228,6,12,6,0,,
1,16,12,229,6,12,6,0,,
1,16,11,230,6,12,6,0,,
1,16,10,231,6,12,6,0,,
1,16,09,232,6,12,6,0,,
1,16,08,233,6,12,6,0,,
1,16,07,234,6,12,6,0,,
1,16,06,235,6,12,6,0,,
1,16,05,236,6,12,6,0,,
1,16,04,237,6,12,6,0,,
1,16,03,238,6,12,6,0,,
1,16,02,239,6,12,6,0,,
1,16,01,240,6,12,6,0,,
1,16,00,241,6,12,6,0,,
1,15,59,242,6,12,6,0,,
1,15,58,243,6,12,6,0,,
1,15,57,244,6,12,6,0,,
1,15,56,245,6,12,6,0,,
1,15,55,246,6,12,6,0,,
1,15,54,247,6,12,6,0,,
1,15,53,248,6,12,6,0,,
1,15,52,249,6,12,6,0,,
1,15,51,250,6,12,6,0,,
1,15,50,251,6,12,6,0,,
1,15,49,252,6,12,6,0,,
1,15,48,253,6,12,6,0,,
1,15,47,254,6,12,6,0,,
1,15,46,255,6,14,8,2,Cameron Boozer,Duke
1,15,45,256,6,14,8,0,,
1,15,44,257,6,14,8,0,,
1,15,43,258,6,14,8,0,,
1,15,42,259,6,14,8,0,,
1,15,41,260,6,14,8,0,,
1,15,40,261,6,14,8,0,,
1,15,39,262,6,14,8,0,,
1,15,38,263,6,14,8,0,,
1,15,37,264,6,14,8,0,,
1,15,36,265,6,14,8,0,,
1,15,35,266,6,14,8,0,,
1,15,34,267,6,14,8,0,,
1,15,33,268,6,14,8,0,,
1,15,32,269,6,14,8,0,,
1,15,31,270,6,14,8,0,,
1,15,30,271,6,14,8,0,,
1,15,29,272,6,14,8,0,,
1,15,28,273,6,14,8,0,,
1,15,27,274,6,14,8,0,,
1,15,26,275,6,14,8,0,,
1,15,25,276,6,14,8,0,,
1,15,24,277,6,14,8,0,,
1,15,23,278,8,14,6,2,Tarris Reed Jr,Uconn
1,15,22,279,8,14,6,0,,
1,15,21,280,8,14,6,0,,
1,15,20,281,8,14,6,0,,
1,15,19,282,8,14,6,0,,
1,15,18,283,8,14,6,0,,
1,15,17,284,8,14,6,0,,
1,15,16,285,8,14,6,0,,
1,15,15,286,8,14,6,0,,
1,15,14,287,8,14,6,0,,
1,15,13,288,8,14,6,0,,
1,15,12,289,8,14,6,0,,
1,15,11,290,8,14,6,0,,
1,15,10,291,8,14,6,0,,
1,15,09,292,8,14,6,0,,
1,15,08,293,8,14,6,0,,
1,15,07,294,8,14,6,0,,
1,15,06,295,8,16,8,2,Cayden Boozer,Duke
1,15,05,296,8,16,8,0,,
1,15,04,297,8,16,8,0,,
1,15,03,298,8,16,8,0,,
1,15,02,299,8,16,8,0,,
1,15,01,300,8,16,8,0,,
1,15,00,301,8,16,8,0,,
1,14,59,302,8,16,8,0,,
1,14,58,303,8,16,8,0,,
1,14,57,304,8,16,8,0,,
1,14,56,305,8,16,8,0,,
1,14,55,306,8,16,8,0,,
1,14,54,307,8,16,8,0,,
1,14,53,308,8,16,8,0,,
1,14,52,309,8,16,8,0,,
1,14,51,310,8,16,8,0,,
1,14,50,311,8,16,8,0,,
1,14,49,312,8,16,8,0,,
1,14,48,313,8,16,8,0,,
1,14,47,314,8,16,8,0,,
1,14,46,315,8,16,8,0,,
1,14,45,316,8,16,8,0,,
1,14,44,317,8,16,8,0,,
1,14,43,318,8,16,8,0,,
1,14,42,319,10,16,6,2,Tarris Reed Jr,Uconn
1,14,41,320,10,16,6,0,,
1,14,40,321,10,16,6,0,,
1,14,39,322,10,16,6,0,,
1,14,38,323,10,16,6,0,,
1,14,37,324,10,16,6,0,,
1,14,36,325,10,16,6,0,,
1,14,35,326,10,16,6,0,,
1,14,34,327,10,16,6,0,,
1,14,33,328,10,16,6,0,,
1,14,32,329,10,16,6,0,,
1,14,31,330,10,16,6,0,,
1,14,30,331,10,16,6,0,,
1,14,29,332,10,16,6,0,,
1,14,28,333,10,16,6,0,,
1,14,27,334,10,16,6,0,,
1,14,26,335,10,16,6,0,,
1,14,25,336,10,16,6,0,,
1,14,24,337,10,16,6,0,,
1,14,23,338,10,16,6,0,,
1,14,22,339,10,19,9,3,Cameron Boozer,Duke
1,14,21,340,10,19,9,0,,
1,14,20,341,10,19,9,0,,
1,14,19,342,10,19,9,0,,
1,14,18,343,10,19,9,0,,
1,14,17,344,10,19,9,0,,
1,14,16,345,10,19,9,0,,
1,14,15,346,10,19,9,0,,
1,14,14,347,10,19,9,0,,
1,14,13,348,10,19,9,0,,
1,14,12,349,10,19,9,0,,
1,14,11,350,10,19,9,0,,
1,14,10,351,10,19,9,0,,
1,14,09,352,10,19,9,0,,
1,14,08,353,10,19,9,0,,
1,14,07,354,10,19,9,0,,
1,14,06,355,10,19,9,0,,
1,14,05,356,10,19,9,0,,
1,14,04,357,10,19,9,0,,
1,14,03,358,10,19,9,0,,
1,14,02,359,10,19,9,0,,
1,14,01,360,10,19,9,0,,
1,14,00,361,10,19,9,0,,
1,13,59,362,10,19,9,0,,
1,13,58,363,10,19,9,0,,
1,13,57,364,12,19,7,2,Braylon Mullins,Uconn
1,13,56,365,12,19,7,0,,
1,13,55,366,12,19,7,0,,
1,13,54,367,12,19,7,0,,
1,13,53,368,12,19,7,0,,
1,13,52,369,12,19,7,0,,
1,13,51,370,12,19,7,0,,
1,13,50,371,12,19,7,0,,
1,13,49,372,12,19,7,0,,
1,13,48,373,12,19,7,0,,
1,13,47,374,12,19,7,0,,
1,13,46,375,12,19,7,0,,
1,13,45,376,12,19,7,0,,
1,13,44,377,12,19,7,0,,
1,13,43,378,12,19,7,0,,
1,13,42,379,12,19,7,0,,
1,13,41,380,12,19,7,0,,
1,13,40,381,12,19,7,0,,
1,13,39,382,12,19,7,0,,
1,13,38,383,12,19,7,0,,
1,13,37,384,12,19,7,0,,
1,13,36,385,12,19,7,0,,
1,13,35,386,12,19,7,0,,
1,13,34,387,12,19,7,0,,
1,13,33,388,12,19,7,0,,
1,13,32,389,12,19,7,0,,
1,13,31,390,12,19,7,0,,
1,13,30,391,12,19,7,0,,
1,13,29,392,12,19,7,0,,
1,13,28,393,12,19,7,0,,
1,13,27,394,12,19,7,0,,
1,13,26,395,12,19,7,0,,
1,13,25,396,12,19,7,0,,
1,13,24,397,12,22,10,3,Cayden Boozer,Duke
1,13,23,398,12,22,10,0,,
1,13,22,399,12,22,10,0,,
1,13,21,400,12,22,10,0,,
1,13,20,401,12,22,10,0,,
1,13,19,402,12,22,10,0,,
1,13,18,403,12,22,10,0,,
1,13,17,404,12,22,10,0,,
1,13,16,405,12,22,10,0,,
1,13,15,406,12,22,10,0,,
1,13,14,407,12,22,10,0,,
1,13,13,408,12,22,10,0,,
1,13,12,409,12,22,10,0,,
1,13,11,410,12,22,10,0,,
1,13,10,411,12,22,10,0,,
1,13,09,412,12,22,10,0,,
1,13,08,413,12,22,10,0,,
1,13,07,414,12,22,10,0,,
1,13,06,415,12,22,10,0,,
1,13,05,416,12,22,10,0,,
1,13,04,417,12,22,10,0,,
1,13,03,418,12,22,10,0,,
1,13,02,419,12,22,10,0,,
1,13,01,420,12,22,10,0,,
1,13,00,421,12,22,10,0,,
1,12,59,422,12,22,10,0,,
1,12,58,423,12,22,10,0,,
1,12,57,424,12,22,10,0,,
1,12,56,425,12,22,10,0,,
1,12,55,426,12,22,10,0,,
1,12,54,427,12,22,10,0,,
1,12,53,428,14,22,8,2,Tarris Reed Jr,Uconn
1,12,52,429,14,22,8,0,,
1,12,51,430,14,22,8,0,,
1,12,50,431,14,22,8,0,,
1,12,49,432,14,22,8,0,,
1,12,48,433,14,22,8,0,,
1,12,47,434,14,22,8,0,,
1,12,46,435,14,22,8,0,,
1,12,45,436,14,22,8,0,,
1,12,44,437,14,22,8,0,,
1,12,43,438,14,22,8,0,,
1,12,42,439,14,22,8,0,,
1,12,41,440,14,22,8,0,,
1,12,40,441,14,22,8,0,,
1,12,39,442,14,22,8,0,,
1,12,38,443,14,22,8,0,,
1,12,37,444,14,22,8,0,,
1,12,36,445,14,22,8,0,,
1,12,35,446,14,22,8,0,,
1,12,34,447,14,22,8,0,,
1,12,33,448,14,22,8,0,,
1,12,32,449,14,22,8,0,,
1,12,31,450,14,22,8,0,,
1,12,30,451,14,22,8,0,,
1,12,29,452,14,22,8,0,,
1,12,28,453,14,22,8,0,,
1,12,27,454,14,22,8,0,,
1,12,26,455,14,22,8,0,,
1,12,25,456,14,22,8,0,,
1,12,24,457,14,22,8,0,,
1,12,23,458,14,22,8,0,,
1,12,22,459,14,22,8,0,,
1,12,21,460,16,22,6,2,Tarris Reed Jr,Uconn
1,12,20,461,16,22,6,0,,
1,12,19,462,16,22,6,0,,
1,12,18,463,16,22,6,0,,
1,12,17,464,16,22,6,0,,
1,12,16,465,16,22,6,0,,
1,12,15,466,16,22,6,0,,
1,12,14,467,16,22,6,0,,
1,12,13,468,16,22,6,0,,
1,12,12,469,16,22,6,0,,
1,12,11,470,16,22,6,0,,
1,12,10,471,16,22,6,0,,
1,12,09,472,16,22,6,0,,
1,12,08,473,16,22,6,0,,
1,12,07,474,16,22,6,0,,
1,12,06,475,16,22,6,0,,
1,12,05,476,16,22,6,0,,
1,12,04,477,16,22,6,0,,
1,12,03,478,16,22,6,0,,
1,12,02,479,16,22,6,0,,
1,12,01,480,16,22,6,0,,
1,12,00,481,16,22,6,0,,
1,11,59,482,16,22,6,0,,
1,11,58,483,16,22,6,0,,
1,11,57,484,16,22,6,0,,
1,11,56,485,16,22,6,0,,
1,11,55,486,16,22,6,0,,
1,11,54,487,16,22,6,0,,
1,11,53,488,16,22,6,0,,
1,11,52,489,16,22,6,0,,
1,11,51,490,16,22,6,0,,
1,11,50,491,16,22,6,0,,
1,11,49,492,16,22,6,0,,
1,11,48,493,16,22,6,0,,
1,11,47,494,16,22,6,0,,
1,11,46,495,16,22,6,0,,
1,11,45,496,16,22,6,0,,
1,11,44,497,16,22,6,0,,
1,11,43,498,16,22,6,0,,
1,11,42,499,16,22,6,0,,
1,11,41,500,16,22,6,0,,
1,11,40,501,16,22,6,0,,
1,11,39,502,16,22,6,0,,
1,11,38,503,16,22,6,0,,
1,11,37,504,16,22,6,0,,
1,11,36,505,16,22,6,0,,
1,11,35,506,16,22,6,0,,
1,11,34,507,16,22,6,0,,
1,11,33,508,16,22,6,0,,
1,11,32,509,16,22,6,0,,
1,11,31,510,16,22,6,0,,
1,11,30,511,16,22,6,0,,
1,11,29,512,16,22,6,0,,
1,11,28,513,16,24,8,2,Isaiah Evans,Duke
1,11,27,514,16,24,8,0,,
1,11,26,515,16,24,8,0,,
1,11,25,516,16,24,8,0,,
1,11,24,517,16,24,8,0,,
1,11,23,518,16,24,8,0,,
1,11,22,519,16,24,8,0,,
1,11,21,520,16,24,8,0,,
1,11,20,521,16,24,8,0,,
1,11,19,522,16,24,8,0,,
1,11,18,523,16,24,8,0,,
1,11,17,524,16,24,8,0,,
1,11,16,525,16,24,8,0,,
1,11,15,526,16,24,8,0,,
1,11,14,527,16,24,8,0,,
1,11,13,528,16,24,8,0,,
1,11,12,529,16,24,8,0,,
1,11,11,530,16,24,8,0,,
1,11,10,531,16,24,8,0,,
1,11,09,532,16,24,8,0,,
1,11,08,533,16,24,8,0,,
1,11,07,534,16,24,8,0,,
1,11,06,535,16,24,8,0,,
1,11,05,536,16,24,8,0,,
1,11,04,537,16,24,8,0,,
1,11,03,538,16,24,8,0,,
1,11,02,539,16,24,8,0,,
1,11,01,540,16,24,8,0,,
1,11,00,541,16,24,8,0,,
1,10,59,542,16,24,8,0,,
1,10,58,543,16,24,8,0,,
1,10,57,544,16,24,8,0,,
1,10,56,545,16,24,8,0,,
1,10,55,546,16,24,8,0,,
1,10,54,547,16,24,8,0,,
1,10,53,548,16,24,8,0,,
1,10,52,549,16,24,8,0,,
1,10,51,550,16,24,8,0,,
1,10,50,551,16,24,8,0,,
1,10,49,552,16,24,8,0,,
1,10,48,553,16,24,8,0,,
1,10,47,554,16,24,8,0,,
1,10,46,555,16,24,8,0,,
1,10,45,556,16,24,8,0,,
1,10,44,557,16,24,8,0,,
1,10,43,558,16,24,8,0,,
1,10,42,559,16,24,8,0,,
1,10,41,560,16,24,8,0,,
1,10,40,561,16,24,8,0,,
1,10,39,562,16,24,8,0,,
1,10,38,563,16,24,8,0,,
1,10,37,564,16,24,8,0,,
1,10,36,565,16,24,8,0,,
1,10,35,566,16,24,8,0,,
1,10,34,567,16,24,8,0,,
1,10,33,568,16,24,8,0,,
1,10,32,569,16,24,8,0,,
1,10,31,570,16,24,8,0,,
1,10,30,571,16,24,8,0,,
1,10,29,572,16,24,8,0,,
1,10,28,573,16,24,8,0,,
1,10,27,574,16,24,8,0,,
1,10,26,575,16,24,8,0,,
1,10,25,576,16,24,8,0,,
1,10,24,577,16,24,8,0,,
1,10,23,578,16,24,8,0,,
1,10,22,579,16,24,8,0,,
1,10,21,580,16,24,8,0,,
1,10,20,581,16,24,8,0,,
1,10,19,582,16,24,8,0,,
1,10,18,583,16,24,8,0,,
1,10,17,584,16,24,8,0,,
1,10,16,585,16,24,8,0,,
1,10,15,586,16,24,8,0,,
1,10,14,587,16,24,8,0,,
1,10,13,588,16,24,8,0,,
1,10,12,589,16,24,8,0,,
1,10,11,590,16,24,8,0,,
1,10,10,591,16,24,8,0,,
1,10,09,592,16,26,10,2,Cameron Boozer,Duke
1,10,08,593,16,26,10,0,,
1,10,07,594,16,26,10,0,,
1,10,06,595,16,26,10,0,,
1,10,05,596,16,26,10,0,,
1,10,04,597,16,26,10,0,,
1,10,03,598,16,26,10,0,,
1,10,02,599,16,26,10,0,,
1,10,01,600,16,26,10,0,,
1,10,00,601,16,26,10,0,,
1,09,59,602,16,26,10,0,,
1,09,58,603,16,26,10,0,,
1,09,57,604,16,26,10,0,,
1,09,56,605,16,26,10,0,,
1,09,55,606,16,26,10,0,,
1,09,54,607,16,26,10,0,,
1,09,53,608,16,26,10,0,,
1,09,52,609,16,26,10,0,,
1,09,51,610,16,26,10,0,,
1,09,50,611,16,26,10,0,,
1,09,49,612,16,26,10,0,,
1,09,48,613,16,26,10,0,,
1,09,47,614,16,26,10,0,,
1,09,46,615,19,26,7,3,Malachi Smith,Uconn
1,09,45,616,19,26,7,0,,
1,09,44,617,19,26,7,0,,
1,09,43,618,19,26,7,0,,
1,09,42,619,19,26,7,0,,
1,09,41,620,19,26,7,0,,
1,09,40,621,19,26,7,0,,
1,09,39,622,19,26,7,0,,
1,09,38,623,19,26,7,0,,
1,09,37,624,19,26,7,0,,
1,09,36,625,19,26,7,0,,
1,09,35,626,19,26,7,0,,
1,09,34,627,19,26,7,0,,
1,09,33,628,19,26,7,0,,
1,09,32,629,19,26,7,0,,
1,09,31,630,19,26,7,0,,
1,09,30,631,19,26,7,0,,
1,09,29,632,19,26,7,0,,
1,09,28,633,19,26,7,0,,
1,09,27,634,19,26,7,0,,
1,09,26,635,19,26,7,0,,
1,09,25,636,19,26,7,0,,
1,09,24,637,19,26,7,0,,
1,09,23,638,19,26,7,0,,
1,09,22,639,19,26,7,0,,
1,09,21,640,19,26,7,0,,
1,09,20,641,19,26,7,0,,
1,09,19,642,19,26,7,0,,
1,09,18,643,19,26,7,0,,
1,09,17,644,19,26,7,0,,
1,09,16,645,19,26,7,0,,
1,09,15,646,19,26,7,0,,
1,09,14,647,19,26,7,0,,
1,09,13,648,19,26,7,0,,
1,09,12,649,21,26,5,2,Silas Demary Jr,Uconn
1,09,11,650,21,26,5,0,,
1,09,10,651,21,26,5,0,,
1,09,09,652,21,26,5,0,,
1,09,08,653,21,26,5,0,,
1,09,07,654,21,26,5,0,,
1,09,06,655,21,26,5,0,,
1,09,05,656,21,26,5,0,,
1,09,04,657,21,26,5,0,,
1,09,03,658,21,26,5,0,,
1,09,02,659,21,26,5,0,,
1,09,01,660,21,26,5,0,,
1,09,00,661,21,26,5,0,,
1,08,59,662,21,26,5,0,,
1,08,58,663,21,26,5,0,,
1,08,57,664,21,26,5,0,,
1,08,56,665,21,26,5,0,,
1,08,55,666,21,26,5,0,,
1,08,54,667,21,26,5,0,,
1,08,53,668,21,26,5,0,,
1,08,52,669,21,26,5,0,,
1,08,51,670,21,26,5,0,,
1,08,50,671,21,26,5,0,,
1,08,49,672,21,26,5,0,,
1,08,48,673,21,26,5,0,,
1,08,47,674,21,26,5,0,,
1,08,46,675,21,26,5,0,,
1,08,45,676,21,26,5,0,,
1,08,44,677,21,26,5,0,,
1,08,43,678,21,26,5,0,,
1,08,42,679,21,28,7,2,Nikolas Khamenia,Duke
1,08,41,680,21,28,7,0,,
1,08,40,681,21,28,7,0,,
1,08,39,682,21,28,7,0,,
1,08,38,683,21,28,7,0,,
1,08,37,684,21,28,7,0,,
1,08,36,685,21,28,7,0,,
1,08,35,686,21,28,7,0,,
1,08,34,687,21,28,7,0,,
1,08,33,688,21,28,7,0,,
1,08,32,689,21,28,7,0,,
1,08,31,690,21,28,7,0,,
1,08,30,691,21,28,7,0,,
1,08,29,692,21,28,7,0,,
1,08,28,693,21,28,7,0,,
1,08,27,694,21,28,7,0,,
1,08,26,695,21,28,7,0,,
1,08,25,696,21,28,7,0,,
1,08,24,697,21,28,7,0,,
1,08,23,698,21,28,7,0,,
1,08,22,699,21,28,7,0,,
1,08,21,700,21,28,7,0,,
1,08,20,701,21,28,7,0,,
1,08,19,702,21,28,7,0,,
1,08,18,703,21,28,7,0,,
1,08,17,704,21,28,7,0,,
1,08,16,705,21,28,7,0,,
1,08,15,706,21,28,7,0,,
1,08,14,707,21,28,7,0,,
1,08,13,708,21,28,7,0,,
1,08,12,709,21,28,7,0,,
1,08,11,710,21,28,7,0,,
1,08,10,711,21,28,7,0,,
1,08,09,712,21,28,7,0,,
1,08,08,713,21,28,7,0,,
1,08,07,714,21,28,7,0,,
1,08,06,715,21,28,7,0,,
1,08,05,716,21,28,7,0,,
1,08,04,717,21,28,7,0,,
1,08,03,718,21,28,7,0,,
1,08,02,719,21,30,9,2,Patrick Ngongba II,Duke
1,08,01,720,21,30,9,0,,
1,08,00,721,21,30,9,0,,
1,07,59,722,21,30,9,0,,
1,07,58,723,21,30,9,0,,
1,07,57,724,21,30,9,0,,
1,07,56,725,21,30,9,0,,
1,07,55,726,21,30,9,0,,
1,07,54,727,21,30,9,0,,
1,07,53,728,21,30,9,0,,
1,07,52,729,21,30,9,0,,
1,07,51,730,21,30,9,0,,
1,07,50,731,21,30,9,0,,
1,07,49,732,21,30,9,0,,
1,07,48,733,21,30,9,0,,
1,07,47,734,21,30,9,0,,
1,07,46,735,21,30,9,0,,
1,07,45,736,21,30,9,0,,
1,07,44,737,21,30,9,0,,
1,07,43,738,21,30,9,0,,
1,07,42,739,21,30,9,0,,
1,07,41,740,21,30,9,0,,
1,07,40,741,21,30,9,0,,
1,07,39,742,21,30,9,0,,
1,07,38,743,21,30,9,0,,
1,07,37,744,21,30,9,0,,
1,07,36,745,21,30,9,0,,
1,07,35,746,21,30,9,0,,
1,07,34,747,21,30,9,0,,
1,07,33,748,21,30,9,0,,
1,07,32,749,21,30,9,0,,
1,07,31,750,21,30,9,0,,
1,07,30,751,21,30,9,0,,
1,07,29,752,21,32,11,2,Cayden Boozer,Duke
1,07,28,753,21,32,11,0,,
1,07,27,754,21,32,11,0,,
1,07,26,755,21,32,11,0,,
1,07,25,756,21,32,11,0,,
1,07,24,757,21,32,11,0,,
1,07,23,758,21,32,11,0,,
1,07,22,759,21,32,11,0,,
1,07,21,760,21,32,11,0,,
1,07,20,761,21,32,11,0,,
1,07,19,762,21,32,11,0,,
1,07,18,763,21,32,11,0,,
1,07,17,764,21,32,11,0,,
1,07,16,765,21,32,11,0,,
1,07,15,766,21,32,11,0,,
1,07,14,767,21,32,11,0,,
1,07,13,768,21,32,11,0,,
1,07,12,769,21,32,11,0,,
1,07,11,770,21,32,11,0,,
1,07,10,771,21,32,11,0,,
1,07,09,772,21,32,11,0,,
1,07,08,773,21,32,11,0,,
1,07,07,774,21,32,11,0,,
1,07,06,775,21,32,11,0,,
1,07,05,776,21,32,11,0,,
1,07,04,777,21,32,11,0,,
1,07,03,778,21,32,11,0,,
1,07,02,779,21,32,11,0,,
1,07,01,780,21,32,11,0,,
1,07,00,781,21,32,11,0,,
1,06,59,782,21,32,11,0,,
1,06,58,783,21,32,11,0,,
1,06,57,784,21,32,11,0,,
1,06,56,785,21,32,11,0,,
1,06,55,786,21,32,11,0,,
1,06,54,787,21,32,11,0,,
1,06,53,788,21,32,11,0,,
1,06,52,789,21,32,11,0,,
1,06,51,790,21,32,11,0,,
1,06,50,791,21,32,11,0,,
1,06,49,792,21,32,11,0,,
1,06,48,793,21,32,11,0,,
1,06,47,794,21,35,14,3,Dame Sarr,Duke
1,06,46,795,21,35,14,0,,
1,06,45,796,21,35,14,0,,
1,06,44,797,21,35,14,0,,
1,06,43,798,21,35,14,0,,
1,06,42,799,21,35,14,0,,
1,06,41,800,21,35,14,0,,
1,06,40,801,21,35,14,0,,
1,06,39,802,21,35,14,0,,
1,06,38,803,21,35,14,0,,
1,06,37,804,21,35,14,0,,
1,06,36,805,21,35,14,0,,
1,06,35,806,21,35,14,0,,
1,06,34,807,21,35,14,0,,
1,06,33,808,21,35,14,0,,
1,06,32,809,21,35,14,0,,
1,06,31,810,21,35,14,0,,
1,06,30,811,21,35,14,0,,
1,06,29,812,21,35,14,0,,
1,06,28,813,21,35,14,0,,
1,06,27,814,21,35,14,0,,
1,06,26,815,21,35,14,0,,
1,06,25,816,21,35,14,0,,
1,06,24,817,21,35,14,0,,
1,06,23,818,21,35,14,0,,
1,06,22,819,21,35,14,0,,
1,06,21,820,21,35,14,0,,
1,06,20,821,21,35,14,0,,
1,06,19,822,21,35,14,0,,
1,06,18,823,21,35,14,0,,
1,06,17,824,21,35,14,0,,
1,06,16,825,21,35,14,0,,
1,06,15,826,21,35,14,0,,
1,06,14,827,21,35,14,0,,
1,06,13,828,21,35,14,0,,
1,06,12,829,21,36,15,1,Cameron Boozer,Duke
1,06,11,830,21,36,15,0,,
1,06,10,831,21,36,15,0,,
1,06,09,832,21,36,15,0,,
1,06,08,833,21,36,15,0,,
1,06,07,834,21,36,15,0,,
1,06,06,835,21,36,15,0,,
1,06,05,836,21,36,15,0,,
1,06,04,837,21,36,15,0,,
1,06,03,838,21,36,15,0,,
1,06,02,839,21,36,15,0,,
1,06,01,840,21,36,15,0,,
1,06,00,841,21,36,15,0,,
1,05,59,842,21,36,15,0,,
1,05,58,843,21,36,15,0,,
1,05,57,844,21,36,15,0,,
1,05,56,845,21,36,15,0,,
1,05,55,846,21,36,15,0,,
1,05,54,847,21,36,15,0,,
1,05,53,848,21,36,15,0,,
1,05,52,849,21,36,15,0,,
1,05,51,850,21,36,15,0,,
1,05,50,851,21,36,15,0,,
1,05,49,852,21,36,15,0,,
1,05,48,853,21,36,15,0,,
1,05,47,854,21,36,15,0,,
1,05,46,855,21,36,15,0,,
1,05,45,856,21,36,15,0,,
1,05,44,857,21,36,15,0,,
1,05,43,858,21,36,15,0,,
1,05,42,859,21,36,15,0,,
1,05,41,860,21,36,15,0,,
1,05,40,861,21,36,15,0,,
1,05,39,862,21,36,15,0,,
1,05,38,863,21,36,15,0,,
1,05,37,864,21,36,15,0,,
1,05,36,865,21,36,15,0,,
1,05,35,866,21,36,15,0,,
1,05,34,867,21,36,15,0,,
1,05,33,868,21,36,15,0,,
1,05,32,869,21,36,15,0,,
1,05,31,870,21,36,15,0,,
1,05,30,871,21,36,15,0,,
1,05,29,872,21,36,15,0,,
1,05,28,873,21,36,15,0,,
1,05,27,874,21,38,17,2,Cameron Boozer,Duke
1,05,26,875,21,38,17,0,,
1,05,25,876,21,38,17,0,,
1,05,24,877,21,38,17,0,,
1,05,23,878,21,38,17,0,,
1,05,22,879,21,38,17,0,,
1,05,21,880,21,38,17,0,,
1,05,20,881,21,38,17,0,,
1,05,19,882,21,38,17,0,,
1,05,18,883,21,38,17,0,,
1,05,17,884,21,38,17,0,,
1,05,16,885,21,38,17,0,,
1,05,15,886,21,38,17,0,,
1,05,14,887,21,38,17,0,,
1,05,13,888,21,38,17,0,,
1,05,12,889,21,38,17,0,,
1,05,11,890,21,38,17,0,,
1,05,10,891,21,38,17,0,,
1,05,09,892,21,38,17,0,,
1,05,08,893,21,38,17,0,,
1,05,07,894,21,38,17,0,,
1,05,06,895,21,38,17,0,,
1,05,05,896,21,38,17,0,,
1,05,04,897,21,38,17,0,,
1,05,03,898,21,38,17,0,,
1,05,02,899,21,38,17,0,,
1,05,01,900,21,40,19,2,Cameron Boozer,Duke
1,05,00,901,21,40,19,0,,
1,04,59,902,21,40,19,0,,
1,04,58,903,21,40,19,0,,
1,04,57,904,21,40,19,0,,
1,04,56,905,21,40,19,0,,
1,04,55,906,21,40,19,0,,
1,04,54,907,21,40,19,0,,
1,04,53,908,21,40,19,0,,
1,04,52,909,21,40,19,0,,
1,04,51,910,21,40,19,0,,
1,04,50,911,21,40,19,0,,
1,04,49,912,21,40,19,0,,
1,04,48,913,21,40,19,0,,
1,04,47,914,21,40,19,0,,
1,04,46,915,21,40,19,0,,
1,04,45,916,21,40,19,0,,
1,04,44,917,21,40,19,0,,
1,04,43,918,21,40,19,0,,
1,04,42,919,21,40,19,0,,
1,04,41,920,21,40,19,0,,
1,04,40,921,21,40,19,0,,
1,04,39,922,21,40,19,0,,
1,04,38,923,21,40,19,0,,
1,04,37,924,21,40,19,0,,
1,04,36,925,21,40,19,0,,
1,04,35,926,21,40,19,0,,
1,04,34,927,21,40,19,0,,
1,04,33,928,21,40,19,0,,
1,04,32,929,21,40,19,0,,
1,04,31,930,21,40,19,0,,
1,04,30,931,21,40,19,0,,
1,04,29,932,21,40,19,0,,
1,04,28,933,21,40,19,0,,
1,04,27,934,21,40,19,0,,
1,04,26,935,21,40,19,0,,
1,04,25,936,21,40,19,0,,
1,04,24,937,21,40,19,0,,
1,04,23,938,21,40,19,0,,
1,04,22,939,21,40,19,0,,
1,04,21,940,21,40,19,0,,
1,04,20,941,21,40,19,0,,
1,04,19,942,21,40,19,0,,
1,04,18,943,21,40,19,0,,
1,04,17,944,21,40,19,0,,
1,04,16,945,21,40,19,0,,
1,04,15,946,21,40,19,0,,
1,04,14,947,21,40,19,0,,
1,04,13,948,23,40,17,2,Solo Ball,Uconn
1,04,12,949,23,40,17,0,,
1,04,11,950,23,40,17,0,,
1,04,10,951,23,40,17,0,,
1,04,09,952,23,40,17,0,,
1,04,08,953,23,40,17,0,,
1,04,07,954,23,40,17,0,,
1,04,06,955,23,40,17,0,,
1,04,05,956,23,40,17,0,,
1,04,04,957,23,40,17,0,,
1,04,03,958,23,40,17,0,,
1,04,02,959,23,42,19,2,Cayden Boozer,Duke
1,04,01,960,23,42,19,0,,
1,04,00,961,23,42,19,0,,
1,03,59,962,23,42,19,0,,
1,03,58,963,23,42,19,0,,
1,03,57,964,23,42,19,0,,
1,03,56,965,23,42,19,0,,
1,03,55,966,23,42,19,0,,
1,03,54,967,23,42,19,0,,
1,03,53,968,23,42,19,0,,
1,03,52,969,23,42,19,0,,
1,03,51,970,23,42,19,0,,
1,03,50,971,23,42,19,0,,
1,03,49,972,23,42,19,0,,
1,03,48,973,23,42,19,0,,
1,03,47,974,23,42,19,0,,
1,03,46,975,23,42,19,0,,
1,03,45,976,23,42,19,0,,
1,03,44,977,23,42,19,0,,
1,03,43,978,23,42,19,0,,
1,03,42,979,23,42,19,0,,
1,03,41,980,25,42,17,2,Malachi Smith,Uconn
1,03,40,981,25,42,17,0,,
1,03,39,982,25,42,17,0,,
1,03,38,983,25,42,17,0,,
1,03,37,984,25,42,17,0,,
1,03,36,985,25,42,17,0,,
1,03,35,986,25,42,17,0,,
1,03,34,987,25,42,17,0,,
1,03,33,988,25,42,17,0,,
1,03,32,989,25,42,17,0,,
1,03,31,990,25,42,17,0,,
1,03,30,991,25,42,17,0,,
1,03,29,992,25,42,17,0,,
1,03,28,993,25,42,17,0,,
1,03,27,994,25,42,17,0,,
1,03,26,995,25,42,17,0,,
1,03,25,996,25,42,17,0,,
1,03,24,997,25,44,19,2,Cayden Boozer,Duke
1,03,23,998,25,44,19,0,,
1,03,22,999,25,44,19,0,,
1,03,21,1000,25,44,19,0,,
1,03,20,1001,25,44,19,0,,
1,03,19,1002,25,44,19,0,,
1,03,18,1003,25,44,19,0,,
1,03,17,1004,25,44,19,0,,
1,03,16,1005,25,44,19,0,,
1,03,15,1006,25,44,19,0,,
1,03,14,1007,25,44,19,0,,
1,03,13,1008,25,44,19,0,,
1,03,12,1009,25,44,19,0,,
1,03,11,1010,25,44,19,0,,
1,03,10,1011,25,44,19,0,,
1,03,09,1012,25,44,19,0,,
1,03,08,1013,25,44,19,0,,
1,03,07,1014,25,44,19,0,,
1,03,06,1015,25,44,19,0,,
1,03,05,1016,25,44,19,0,,
1,03,04,1017,25,44,19,0,,
1,03,03,1018,25,44,19,0,,
1,03,02,1019,25,44,19,0,,
1,03,01,1020,25,44,19,0,,
1,03,00,1021,25,44,19,0,,
1,02,59,1022,25,44,19,0,,
1,02,58,1023,25,44,19,0,,
1,02,57,1024,25,44,19,0,,
1,02,56,1025,25,44,19,0,,
1,02,55,1026,25,44,19,0,,
1,02,54,1027,25,44,19,0,,
1,02,53,1028,25,44,19,0,,
1,02,52,1029,25,44,19,0,,
1,02,51,1030,25,44,19,0,,
1,02,50,1031,25,44,19,0,,
1,02,49,1032,25,44,19,0,,
1,02,48,1033,25,44,19,0,,
1,02,47,1034,25,44,19,0,,
1,02,46,1035,25,44,19,0,,
1,02,45,1036,25,44,19,0,,
1,02,44,1037,25,44,19,0,,
1,02,43,1038,25,44,19,0,,
1,02,42,1039,25,44,19,0,,
1,02,41,1040,25,44,19,0,,
1,02,40,1041,25,44,19,0,,
1,02,39,1042,25,44,19,0,,
1,02,38,1043,25,44,19,0,,
1,02,37,1044,25,44,19,0,,
1,02,36,1045,25,44,19,0,,
1,02,35,1046,25,44,19,0,,
1,02,34,1047,25,44,19,0,,
1,02,33,1048,25,44,19,0,,
1,02,32,1049,25,44,19,0,,
1,02,31,1050,25,44,19,0,,
1,02,30,1051,25,44,19,0,,
1,02,29,1052,25,44,19,0,,
1,02,28,1053,25,44,19,0,,
1,02,27,1054,25,44,19,0,,
1,02,26,1055,25,44,19,0,,
1,02,25,1056,25,44,19,0,,
1,02,24,1057,25,44,19,0,,
1,02,23,1058,25,44,19,0,,
1,02,22,1059,25,44,19,0,,
1,02,21,1060,25,44,19,0,,
1,02,20,1061,25,44,19,0,,
1,02,19,1062,25,44,19,0,,
1,02,18,1063,25,44,19,0,,
1,02,17,1064,25,44,19,0,,
1,02,16,1065,25,44,19,0,,
1,02,15,1066,25,44,19,0,,
1,02,14,1067,25,44,19,0,,
1,02,13,1068,25,44,19,0,,
1,02,12,1069,25,44,19,0,,
1,02,11,1070,25,44,19,0,,
1,02,10,1071,25,44,19,0,,
1,02,09,1072,25,44,19,0,,
1,02,08,1073,25,44,19,0,,
1,02,07,1074,25,44,19,0,,
1,02,06,1075,25,44,19,0,,
1,02,05,1076,25,44,19,0,,
1,02,04,1077,25,44,19,0,,
1,02,03,1078,25,44,19,0,,
1,02,02,1079,25,44,19,0,,
1,02,01,1080,25,44,19,0,,
1,02,00,1081,25,44,19,0,,
1,01,59,1082,25,44,19,0,,
1,01,58,1083,25,44,19,0,,
1,01,57,1084,25,44,19,0,,
1,01,56,1085,25,44,19,0,,
1,01,55,1086,25,44,19,0,,
1,01,54,1087,25,44,19,0,,
1,01,53,1088,25,44,19,0,,
1,01,52,1089,25,44,19,0,,
1,01,51,1090,25,44,19,0,,
1,01,50,1091,25,44,19,0,,
1,01,49,1092,25,44,19,0,,
1,01,48,1093,25,44,19,0,,
1,01,47,1094,25,44,19,0,,
1,01,46,1095,25,44,19,0,,
1,01,45,1096,25,44,19,0,,
1,01,44,1097,25,44,19,0,,
1,01,43,1098,25,44,19,0,,
1,01,42,1099,25,44,19,0,,
1,01,41,1100,25,44,19,0,,
1,01,40,1101,25,44,19,0,,
1,01,39,1102,25,44,19,0,,
1,01,38,1103,25,44,19,0,,
1,01,37,1104,25,44,19,0,,
1,01,36,1105,25,44,19,0,,
1,01,35,1106,25,44,19,0,,
1,01,34,1107,25,44,19,0,,
1,01,33,1108,25,44,19,0,,
1,01,32,1109,25,44,19,0,,
1,01,31,1110,25,44,19,0,,
1,01,30,1111,25,44,19,0,,
1,01,29,1112,25,44,19,0,,
1,01,28,1113,25,44,19,0,,
1,01,27,1114,25,44,19,0,,
1,01,26,1115,25,44,19,0,,
1,01,25,1116,25,44,19,0,,
1,01,24,1117,25,44,19,0,,
1,01,23,1118,25,44,19,0,,
1,01,22,1119,25,44,19,0,,
1,01,21,1120,25,44,19,0,,
1,01,20,1121,25,44,19,0,,
1,01,19,1122,25,44,19,0,,
1,01,18,1123,25,44,19,0,,
1,01,17,1124,25,44,19,0,,
1,01,16,1125,25,44,19,0,,
1,01,15,1126,25,44,19,0,,
1,01,14,1127,25,44,19,0,,
1,01,13,1128,25,44,19,0,,
1,01,12,1129,25,44,19,0,,
1,01,11,1130,25,44,19,0,,
1,01,10,1131,25,44,19,0,,
1,01,09,1132,25,44,19,0,,
1,01,08,1133,25,44,19,0,,
1,01,07,1134,25,44,19,0,,
1,01,06,1135,27,44,17,2,Malachi Smith,Uconn
1,01,05,1136,27,44,17,0,,
1,01,04,1137,27,44,17,0,,
1,01,03,1138,27,44,17,0,,
1,01,02,1139,27,44,17,0,,
1,01,01,1140,27,44,17,0,,
1,01,00,1141,27,44,17,0,,
1,00,59,1142,27,44,17,0,,
1,00,58,1143,27,44,17,0,,
1,00,57,1144,27,44,17,0,,
1,00,56,1145,27,44,17,0,,
1,00,55,1146,27,44,17,0,,
1,00,54,1147,27,44,17,0,,
1,00,53,1148,27,44,17,0,,
1,00,52,1149,27,44,17,0,,
1,00,51,1150,27,44,17,0,,
1,00,50,1151,27,44,17,0,,
1,00,49,1152,27,44,17,0,,
1,00,48,1153,27,44,17,0,,
1,00,47,1154,27,44,17,0,,
1,00,46,1155,27,44,17,0,,
1,00,45,1156,27,44,17,0,,
1,00,44,1157,27,44,17,0,,
1,00,43,1158,27,44,17,0,,
1,00,42,1159,27,44,17,0,,
1,00,41,1160,27,44,17,0,,
1,00,40,1161,27,44,17,0,,
1,00,39,1162,27,44,17,0,,
1,00,38,1163,27,44,17,0,,
1,00,37,1164,27,44,17,0,,
1,00,36,1165,27,44,17,0,,
1,00,35,1166,27,44,17,0,,
1,00,34,1167,27,44,17,0,,
1,00,33,1168,27,44,17,0,,
1,00,32,1169,27,44,17,0,,
1,00,31,1170,27,44,17,0,,
1,00,30,1171,27,44,17,0,,
1,00,29,1172,27,44,17,0,,
1,00,28,1173,27,44,17,0,,
1,00,27,1174,27,44,17,0,,
1,00,26,1175,29,44,15,2,Eric Reibe,Uconn
1,00,25,1176,29,44,15,0,,
1,00,24,1177,29,44,15,0,,
1,00,23,1178,29,44,15,0,,
1,00,22,1179,29,44,15,0,,
1,00,21,1180,29,44,15,0,,
1,00,20,1181,29,44,15,0,,
1,00,19,1182,29,44,15,0,,
1,00,18,1183,29,44,15,0,,
1,00,17,1184,29,44,15,0,,
1,00,16,1185,29,44,15,0,,
1,00,15,1186,29,44,15,0,,
1,00,14,1187,29,44,15,0,,
1,00,13,1188,29,44,15,0,,
1,00,12,1189,29,44,15,0,,
1,00,11,1190,29,44,15,0,,
1,00,10,1191,29,44,15,0,,
1,00,09,1192,29,44,15,0,,
1,00,08,1193,29,44,15,0,,
1,00,07,1194,29,44,15,0,,
1,00,06,1195,29,44,15,0,,
1,00,05,1196,29,44,15,0,,
1,00,04,1197,29,44,15,0,,
1,00,03,1198,29,44,15,0,,
1,00,02,1199,29,44,15,0,,
1,00,01,1200,29,44,15,0,,
1,00,00,1201,29,44,15,0,,
2,20,00,1202,29,44,15,0,,
2,19,59,1203,29,44,15,0,,
2,19,58,1204,29,44,15,0,,
2,19,57,1205,29,44,15,0,,
2,19,56,1206,29,44,15,0,,
2,19,55,1207,29,44,15,0,,
2,19,54,1208,29,44,15,0,,
2,19,53,1209,29,44,15,0,,
2,19,52,1210,29,44,15,0,,
2,19,51,1211,29,44,15,0,,
2,19,50,1212,29,44,15,0,,
2,19,49,1213,29,44,15,0,,
2,19,48,1214,29,44,15,0,,
2,19,47,1215,29,44,15,0,,
2,19,46,1216,29,44,15,0,,
2,19,45,1217,29,44,15,0,,
2,19,44,1218,29,44,15,0,,
2,19,43,1219,29,44,15,0,,
2,19,42,1220,29,44,15,0,,
2,19,41,1221,29,44,15,0,,
2,19,40,1222,29,44,15,0,,
2,19,39,1223,29,44,15,0,,
2,19,38,1224,29,44,15,0,,
2,19,37,1225,29,44,15,0,,
2,19,36,1226,29,44,15,0,,
2,19,35,1227,29,44,15,0,,
2,19,34,1228,29,44,15,0,,
2,19,33,1229,29,44,15,0,,
2,19,32,1230,29,44,15,0,,
2,19,31,1231,29,44,15,0,,
2,19,30,1232,29,44,15,0,,
2,19,29,1233,29,44,15,0,,
2,19,28,1234,29,44,15,0,,
2,19,27,1235,29,44,15,0,,
2,19,26,1236,29,44,15,0,,
2,19,25,1237,29,44,15,0,,
2,19,24,1238,29,44,15,0,,
2,19,23,1239,29,44,15,0,,
2,19,22,1240,29,44,15,0,,
2,19,21,1241,29,44,15,0,,
2,19,20,1242,29,44,15,0,,
2,19,19,1243,29,44,15,0,,
2,19,18,1244,29,44,15,0,,
2,19,17,1245,29,44,15,0,,
2,19,16,1246,29,44,15,0,,
2,19,15,1247,29,44,15,0,,
2,19,14,1248,29,44,15,0,,
2,19,13,1249,29,44,15,0,,
2,19,12,1250,29,46,17,2,Cameron Boozer,Duke
2,19,11,1251,29,46,17,0,,
2,19,10,1252,29,46,17,0,,
2,19,09,1253,29,46,17,0,,
2,19,08,1254,29,46,17,0,,
2,19,07,1255,29,46,17,0,,
2,19,06,1256,29,46,17,0,,
2,19,05,1257,29,46,17,0,,
2,19,04,1258,29,46,17,0,,
2,19,03,1259,29,46,17,0,,
2,19,02,1260,29,46,17,0,,
2,19,01,1261,29,46,17,0,,
2,19,00,1262,29,46,17,0,,
2,18,59,1263,29,46,17,0,,
2,18,58,1264,29,46,17,0,,
2,18,57,1265,29,46,17,0,,
2,18,56,1266,29,46,17,0,,
2,18,55,1267,29,46,17,0,,
2,18,54,1268,29,46,17,0,,
2,18,53,1269,29,46,17,0,,
2,18,52,1270,29,46,17,0,,
2,18,51,1271,31,46,15,2,Tarris Reed Jr,Uconn
2,18,50,1272,31,46,15,0,,
2,18,49,1273,31,46,15,0,,
2,18,48,1274,31,46,15,0,,
2,18,47,1275,31,46,15,0,,
2,18,46,1276,31,46,15,0,,
2,18,45,1277,31,46,15,0,,
2,18,44,1278,31,46,15,0,,
2,18,43,1279,31,46,15,0,,
2,18,42,1280,31,46,15,0,,
2,18,41,1281,31,46,15,0,,
2,18,40,1282,31,46,15,0,,
2,18,39,1283,31,46,15,0,,
2,18,38,1284,31,46,15,0,,
2,18,37,1285,31,46,15,0,,
2,18,36,1286,31,46,15,0,,
2,18,35,1287,31,46,15,0,,
2,18,34,1288,31,46,15,0,,
2,18,33,1289,31,46,15,0,,
2,18,32,1290,31,46,15,0,,
2,18,31,1291,31,46,15,0,,
2,18,30,1292,31,46,15,0,,
2,18,29,1293,31,46,15,0,,
2,18,28,1294,31,46,15,0,,
2,18,27,1295,31,46,15,0,,
2,18,26,1296,31,46,15,0,,
2,18,25,1297,31,46,15,0,,
2,18,24,1298,31,46,15,0,,
2,18,23,1299,31,46,15,0,,
2,18,22,1300,31,46,15,0,,
2,18,21,1301,31,46,15,0,,
2,18,20,1302,31,46,15,0,,
2,18,19,1303,31,46,15,0,,
2,18,18,1304,31,46,15,0,,
2,18,17,1305,31,46,15,0,,
2,18,16,1306,31,46,15,0,,
2,18,15,1307,31,46,15,0,,
2,18,14,1308,31,46,15,0,,
2,18,13,1309,31,46,15,0,,
2,18,12,1310,31,46,15,0,,
2,18,11,1311,31,46,15,0,,
2,18,10,1312,31,46,15,0,,
2,18,09,1313,31,46,15,0,,
2,18,08,1314,31,46,15,0,,
2,18,07,1315,31,46,15,0,,
2,18,06,1316,31,46,15,0,,
2,18,05,1317,31,46,15,0,,
2,18,04,1318,31,46,15,0,,
2,18,03,1319,31,46,15,0,,
2,18,02,1320,31,46,15,0,,
2,18,01,1321,31,46,15,0,,
2,18,00,1322,31,46,15,0,,
2,17,59,1323,31,46,15,0,,
2,17,58,1324,31,46,15,0,,
2,17,57,1325,31,46,15,0,,
2,17,56,1326,31,48,17,2,Cayden Boozer,Duke
2,17,55,1327,31,48,17,0,,
2,17,54,1328,31,48,17,0,,
2,17,53,1329,31,48,17,0,,
2,17,52,1330,31,48,17,0,,
2,17,51,1331,31,48,17,0,,
2,17,50,1332,31,48,17,0,,
2,17,49,1333,31,48,17,0,,
2,17,48,1334,31,48,17,0,,
2,17,47,1335,31,48,17,0,,
2,17,46,1336,31,48,17,0,,
2,17,45,1337,31,48,17,0,,
2,17,44,1338,31,48,17,0,,
2,17,43,1339,31,48,17,0,,
2,17,42,1340,31,48,17,0,,
2,17,41,1341,31,48,17,0,,
2,17,40,1342,31,48,17,0,,
2,17,39,1343,31,48,17,0,,
2,17,38,1344,33,48,15,2,Braylon Mullins,Uconn
2,17,37,1345,33,48,15,0,,
2,17,36,1346,33,48,15,0,,
2,17,35,1347,33,48,15,0,,
2,17,34,1348,33,48,15,0,,
2,17,33,1349,33,48,15,0,,
2,17,32,1350,33,48,15,0,,
2,17,31,1351,33,48,15,0,,
2,17,30,1352,33,48,15,0,,
2,17,29,1353,33,48,15,0,,
2,17,28,1354,33,48,15,0,,
2,17,27,1355,33,48,15,0,,
2,17,26,1356,33,48,15,0,,
2,17,25,1357,33,48,15,0,,
2,17,24,1358,33,48,15,0,,
2,17,23,1359,33,48,15,0,,
2,17,22,1360,33,48,15,0,,
2,17,21,1361,33,50,17,2,Patrick Ngongba II,Duke
2,17,20,1362,33,50,17,0,,
2,17,19,1363,33,50,17,0,,
2,17,18,1364,33,50,17,0,,
2,17,17,1365,33,50,17,0,,
2,17,16,1366,33,50,17,0,,
2,17,15,1367,33,50,17,0,,
2,17,14,1368,33,50,17,0,,
2,17,13,1369,33,50,17,0,,
2,17,12,1370,33,50,17,0,,
2,17,11,1371,33,50,17,0,,
2,17,10,1372,33,50,17,0,,
2,17,09,1373,33,50,17,0,,
2,17,08,1374,33,50,17,0,,
2,17,07,1375,33,50,17,0,,
2,17,06,1376,33,50,17,0,,
2,17,05,1377,33,50,17,0,,
2,17,04,1378,33,50,17,0,,
2,17,03,1379,33,50,17,0,,
2,17,02,1380,33,50,17,0,,
2,17,01,1381,33,50,17,0,,
2,17,00,1382,33,50,17,0,,
2,16,59,1383,33,50,17,0,,
2,16,58,1384,36,50,14,3,Braylon Mullins,Uconn
2,16,57,1385,36,50,14,0,,
2,16,56,1386,36,50,14,0,,
2,16,55,1387,36,50,14,0,,
2,16,54,1388,36,50,14,0,,
2,16,53,1389,36,50,14,0,,
2,16,52,1390,36,50,14,0,,
2,16,51,1391,36,50,14,0,,
2,16,50,1392,36,50,14,0,,
2,16,49,1393,36,50,14,0,,
2,16,48,1394,36,50,14,0,,
2,16,47,1395,36,50,14,0,,
2,16,46,1396,36,50,14,0,,
2,16,45,1397,36,50,14,0,,
2,16,44,1398,36,50,14,0,,
2,16,43,1399,36,50,14,0,,
2,16,42,1400,36,50,14,0,,
2,16,41,1401,36,50,14,0,,
2,16,40,1402,36,50,14,0,,
2,16,39,1403,36,50,14,0,,
2,16,38,1404,36,50,14,0,,
2,16,37,1405,36,50,14,0,,
2,16,36,1406,36,50,14,0,,
2,16,35,1407,36,50,14,0,,
2,16,34,1408,36,50,14,0,,
2,16,33,1409,36,50,14,0,,
2,16,32,1410,36,50,14,0,,
2,16,31,1411,36,50,14,0,,
2,16,30,1412,36,50,14,0,,
2,16,29,1413,38,50,12,2,Silas Demary Jr,Uconn
2,16,28,1414,38,50,12,0,,
2,16,27,1415,38,50,12,0,,
2,16,26,1416,38,50,12,0,,
2,16,25,1417,38,50,12,0,,
2,16,24,1418,38,50,12,0,,
2,16,23,1419,38,50,12,0,,
2,16,22,1420,38,50,12,0,,
2,16,21,1421,38,50,12,0,,
2,16,20,1422,38,50,12,0,,
2,16,19,1423,38,50,12,0,,
2,16,18,1424,38,50,12,0,,
2,16,17,1425,38,50,12,0,,
2,16,16,1426,38,50,12,0,,
2,16,15,1427,38,50,12,0,,
2,16,14,1428,38,50,12,0,,
2,16,13,1429,38,50,12,0,,
2,16,12,1430,38,50,12,0,,
2,16,11,1431,38,50,12,0,,
2,16,10,1432,38,50,12,0,,
2,16,09,1433,38,50,12,0,,
2,16,08,1434,38,50,12,0,,
2,16,07,1435,38,50,12,0,,
2,16,06,1436,38,50,12,0,,
2,16,05,1437,38,50,12,0,,
2,16,04,1438,38,50,12,0,,
2,16,03,1439,38,50,12,0,,
2,16,02,1440,38,50,12,0,,
2,16,01,1441,38,50,12,0,,
2,16,00,1442,38,50,12,0,,
2,15,59,1443,38,50,12,0,,
2,15,58,1444,38,50,12,0,,
2,15,57,1445,38,50,12,0,,
2,15,56,1446,38,50,12,0,,
2,15,55,1447,38,50,12,0,,
2,15,54,1448,38,50,12,0,,
2,15,53,1449,38,50,12,0,,
2,15,52,1450,38,50,12,0,,
2,15,51,1451,38,50,12,0,,
2,15,50,1452,38,50,12,0,,
2,15,49,1453,38,50,12,0,,
2,15,48,1454,38,50,12,0,,
2,15,47,1455,38,50,12,0,,
2,15,46,1456,38,50,12,0,,
2,15,45,1457,38,50,12,0,,
2,15,44,1458,38,50,12,0,,
2,15,43,1459,38,50,12,0,,
2,15,42,1460,38,50,12,0,,
2,15,41,1461,38,50,12,0,,
2,15,40,1462,38,50,12,0,,
2,15,39,1463,38,50,12,0,,
2,15,38,1464,38,50,12,0,,
2,15,37,1465,38,50,12,0,,
2,15,36,1466,38,50,12,0,,
2,15,35,1467,38,50,12,0,,
2,15,34,1468,38,50,12,0,,
2,15,33,1469,38,50,12,0,,
2,15,32,1470,38,50,12,0,,
2,15,31,1471,38,50,12,0,,
2,15,30,1472,38,50,12,0,,
2,15,29,1473,38,50,12,0,,
2,15,28,1474,38,50,12,0,,
2,15,27,1475,38,50,12,0,,
2,15,26,1476,38,50,12,0,,
2,15,25,1477,38,50,12,0,,
2,15,24,1478,38,50,12,0,,
2,15,23,1479,38,50,12,0,,
2,15,22,1480,38,50,12,0,,
2,15,21,1481,38,50,12,0,,
2,15,20,1482,38,50,12,0,,
2,15,19,1483,38,50,12,0,,
2,15,18,1484,38,50,12,0,,
2,15,17,1485,38,50,12,0,,
2,15,16,1486,38,50,12,0,,
2,15,15,1487,38,50,12,0,,
2,15,14,1488,38,50,12,0,,
2,15,13,1489,38,52,14,2,Dame Sarr,Duke
2,15,12,1490,38,52,14,0,,
2,15,11,1491,38,52,14,0,,
2,15,10,1492,38,52,14,0,,
2,15,09,1493,38,52,14,0,,
2,15,08,1494,38,52,14,0,,
2,15,07,1495,38,52,14,0,,
2,15,06,1496,38,52,14,0,,
2,15,05,1497,38,52,14,0,,
2,15,04,1498,38,52,14,0,,
2,15,03,1499,38,52,14,0,,
2,15,02,1500,38,52,14,0,,
2,15,01,1501,38,52,14,0,,
2,15,00,1502,38,52,14,0,,
2,14,59,1503,38,52,14,0,,
2,14,58,1504,38,52,14,0,,
2,14,57,1505,38,52,14,0,,
2,14,56,1506,38,52,14,0,,
2,14,55,1507,38,52,14,0,,
2,14,54,1508,38,52,14,0,,
2,14,53,1509,38,52,14,0,,
2,14,52,1510,38,52,14,0,,
2,14,51,1511,39,52,13,1,Tarris Reed Jr,Uconn
2,14,50,1512,39,52,13,0,,
2,14,49,1513,39,52,13,0,,
2,14,48,1514,39,52,13,0,,
2,14,47,1515,39,52,13,0,,
2,14,46,1516,39,52,13,0,,
2,14,45,1517,39,52,13,0,,
2,14,44,1518,39,52,13,0,,
2,14,43,1519,39,52,13,0,,
2,14,42,1520,39,52,13,0,,
2,14,41,1521,39,52,13,0,,
2,14,40,1522,39,52,13,0,,
2,14,39,1523,39,52,13,0,,
2,14,38,1524,39,52,13,0,,
2,14,37,1525,39,52,13,0,,
2,14,36,1526,39,52,13,0,,
2,14,35,1527,39,52,13,0,,
2,14,34,1528,39,52,13,0,,
2,14,33,1529,39,52,13,0,,
2,14,32,1530,39,52,13,0,,
2,14,31,1531,39,52,13,0,,
2,14,30,1532,39,52,13,0,,
2,14,29,1533,39,52,13,0,,
2,14,28,1534,39,52,13,0,,
2,14,27,1535,39,53,14,1,Patrick Ngongba II,Duke
2,14,26,1536,39,53,14,0,,
2,14,25,1537,39,53,14,0,,
2,14,24,1538,39,53,14,0,,
2,14,23,1539,39,53,14,0,,
2,14,22,1540,39,53,14,0,,
2,14,21,1541,39,53,14,0,,
2,14,20,1542,39,53,14,0,,
2,14,19,1543,39,53,14,0,,
2,14,18,1544,39,53,14,0,,
2,14,17,1545,39,53,14,0,,
2,14,16,1546,39,53,14,0,,
2,14,15,1547,39,53,14,0,,
2,14,14,1548,39,53,14,0,,
2,14,13,1549,39,53,14,0,,
2,14,12,1550,39,53,14,0,,
2,14,11,1551,39,53,14,0,,
2,14,10,1552,39,53,14,0,,
2,14,09,1553,39,53,14,0,,
2,14,08,1554,39,53,14,0,,
2,14,07,1555,39,53,14,0,,
2,14,06,1556,39,53,14,0,,
2,14,05,1557,39,53,14,0,,
2,14,04,1558,39,53,14,0,,
2,14,03,1559,41,53,12,2,Tarris Reed Jr,Uconn
2,14,02,1560,41,53,12,0,,
2,14,01,1561,41,53,12,0,,
2,14,00,1562,41,53,12,0,,
2,13,59,1563,41,53,12,0,,
2,13,58,1564,41,53,12,0,,
2,13,57,1565,41,53,12,0,,
2,13,56,1566,41,53,12,0,,
2,13,55,1567,41,53,12,0,,
2,13,54,1568,41,53,12,0,,
2,13,53,1569,41,53,12,0,,
2,13,52,1570,41,53,12,0,,
2,13,51,1571,41,53,12,0,,
2,13,50,1572,41,53,12,0,,
2,13,49,1573,41,55,14,2,Cameron Boozer,Duke
2,13,48,1574,41,55,14,0,,
2,13,47,1575,41,55,14,0,,
2,13,46,1576,41,55,14,0,,
2,13,45,1577,41,55,14,0,,
2,13,44,1578,41,55,14,0,,
2,13,43,1579,41,55,14,0,,
2,13,42,1580,41,55,14,0,,
2,13,41,1581,41,55,14,0,,
2,13,40,1582,41,55,14,0,,
2,13,39,1583,41,55,14,0,,
2,13,38,1584,41,55,14,0,,
2,13,37,1585,41,55,14,0,,
2,13,36,1586,41,55,14,0,,
2,13,35,1587,41,55,14,0,,
2,13,34,1588,41,55,14,0,,
2,13,33,1589,41,55,14,0,,
2,13,32,1590,41,55,14,0,,
2,13,31,1591,43,55,12,2,Tarris Reed Jr,Uconn
2,13,30,1592,43,55,12,0,,
2,13,29,1593,43,55,12,0,,
2,13,28,1594,43,55,12,0,,
2,13,27,1595,43,55,12,0,,
2,13,26,1596,43,55,12,0,,
2,13,25,1597,43,55,12,0,,
2,13,24,1598,43,55,12,0,,
2,13,23,1599,43,55,12,0,,
2,13,22,1600,43,55,12,0,,
2,13,21,1601,43,55,12,0,,
2,13,20,1602,43,55,12,0,,
2,13,19,1603,43,55,12,0,,
2,13,18,1604,43,55,12,0,,
2,13,17,1605,43,55,12,0,,
2,13,16,1606,43,55,12,0,,
2,13,15,1607,43,55,12,0,,
2,13,14,1608,43,55,12,0,,
2,13,13,1609,43,55,12,0,,
2,13,12,1610,43,55,12,0,,
2,13,11,1611,43,55,12,0,,
2,13,10,1612,43,55,12,0,,
2,13,09,1613,45,55,10,2,Tarris reed Jr,Uconn
2,13,08,1614,45,55,10,0,,
2,13,07,1615,45,55,10,0,,
2,13,06,1616,45,55,10,0,,
2,13,05,1617,45,55,10,0,,
2,13,04,1618,45,55,10,0,,
2,13,03,1619,45,55,10,0,,
2,13,02,1620,45,55,10,0,,
2,13,01,1621,45,55,10,0,,
2,13,00,1622,45,55,10,0,,
2,12,59,1623,45,55,10,0,,
2,12,58,1624,45,55,10,0,,
2,12,57,1625,45,55,10,0,,
2,12,56,1626,45,55,10,0,,
2,12,55,1627,45,55,10,0,,
2,12,54,1628,45,55,10,0,,
2,12,53,1629,45,55,10,0,,
2,12,52,1630,45,55,10,0,,
2,12,51,1631,45,55,10,0,,
2,12,50,1632,45,55,10,0,,
2,12,49,1633,45,55,10,0,,
2,12,48,1634,45,55,10,0,,
2,12,47,1635,45,55,10,0,,
2,12,46,1636,45,55,10,0,,
2,12,45,1637,45,56,11,1,Cameron Boozer,Duke
2,12,44,1638,45,56,11,0,,
2,12,43,1639,45,56,11,0,,
2,12,42,1640,45,56,11,0,,
2,12,41,1641,45,56,11,0,,
2,12,40,1642,45,56,11,0,,
2,12,39,1643,45,56,11,0,,
2,12,38,1644,45,56,11,0,,
2,12,37,1645,45,56,11,0,,
2,12,36,1646,45,56,11,0,,
2,12,35,1647,45,56,11,0,,
2,12,34,1648,45,56,11,0,,
2,12,33,1649,45,56,11,0,,
2,12,32,1650,45,56,11,0,,
2,12,31,1651,45,56,11,0,,
2,12,30,1652,45,56,11,0,,
2,12,29,1653,45,56,11,0,,
2,12,28,1654,45,56,11,0,,
2,12,27,1655,45,56,11,0,,
2,12,26,1656,45,56,11,0,,
2,12,25,1657,45,56,11,0,,
2,12,24,1658,45,56,11,0,,
2,12,23,1659,45,56,11,0,,
2,12,22,1660,45,56,11,0,,
2,12,21,1661,45,56,11,0,,
2,12,20,1662,47,56,9,2,Alex Karaban,Uconn
2,12,19,1663,47,56,9,0,,
2,12,18,1664,47,56,9,0,,
2,12,17,1665,47,56,9,0,,
2,12,16,1666,47,56,9,0,,
2,12,15,1667,47,56,9,0,,
2,12,14,1668,47,56,9,0,,
2,12,13,1669,47,56,9,0,,
2,12,12,1670,47,56,9,0,,
2,12,11,1671,47,56,9,0,,
2,12,10,1672,47,56,9,0,,
2,12,09,1673,47,56,9,0,,
2,12,08,1674,47,56,9,0,,
2,12,07,1675,47,56,9,0,,
2,12,06,1676,47,56,9,0,,
2,12,05,1677,47,56,9,0,,
2,12,04,1678,47,56,9,0,,
2,12,03,1679,47,56,9,0,,
2,12,02,1680,47,56,9,0,,
2,12,01,1681,47,56,9,0,,
2,12,00,1682,47,56,9,0,,
2,11,59,1683,47,56,9,0,,
2,11,58,1684,47,56,9,0,,
2,11,57,1685,47,56,9,0,,
2,11,56,1686,47,56,9,0,,
2,11,55,1687,47,56,9,0,,
2,11,54,1688,47,56,9,0,,
2,11,53,1689,47,56,9,0,,
2,11,52,1690,47,56,9,0,,
2,11,51,1691,47,56,9,0,,
2,11,50,1692,47,56,9,0,,
2,11,49,1693,47,56,9,0,,
2,11,48,1694,47,56,9,0,,
2,11,47,1695,47,56,9,0,,
2,11,46,1696,47,56,9,0,,
2,11,45,1697,47,56,9,0,,
2,11,44,1698,47,56,9,0,,
2,11,43,1699,47,56,9,0,,
2,11,42,1700,47,56,9,0,,
2,11,41,1701,47,56,9,0,,
2,11,40,1702,47,56,9,0,,
2,11,39,1703,47,56,9,0,,
2,11,38,1704,47,56,9,0,,
2,11,37,1705,47,56,9,0,,
2,11,36,1706,47,56,9,0,,
2,11,35,1707,47,56,9,0,,
2,11,34,1708,47,56,9,0,,
2,11,33,1709,47,56,9,0,,
2,11,32,1710,47,56,9,0,,
2,11,31,1711,47,56,9,0,,
2,11,30,1712,47,56,9,0,,
2,11,29,1713,47,56,9,0,,
2,11,28,1714,47,56,9,0,,
2,11,27,1715,47,56,9,0,,
2,11,26,1716,47,56,9,0,,
2,11,25,1717,47,56,9,0,,
2,11,24,1718,47,56,9,0,,
2,11,23,1719,47,56,9,0,,
2,11,22,1720,47,56,9,0,,
2,11,21,1721,47,56,9,0,,
2,11,20,1722,47,56,9,0,,
2,11,19,1723,47,56,9,0,,
2,11,18,1724,47,56,9,0,,
2,11,17,1725,47,56,9,0,,
2,11,16,1726,47,56,9,0,,
2,11,15,1727,49,56,7,2,Tarris Reed Jr,Uconn
2,11,14,1728,49,56,7,0,,
2,11,13,1729,49,56,7,0,,
2,11,12,1730,49,56,7,0,,
2,11,11,1731,49,56,7,0,,
2,11,10,1732,49,56,7,0,,
2,11,09,1733,49,56,7,0,,
2,11,08,1734,49,56,7,0,,
2,11,07,1735,49,56,7,0,,
2,11,06,1736,49,56,7,0,,
2,11,05,1737,49,56,7,0,,
2,11,04,1738,49,56,7,0,,
2,11,03,1739,49,56,7,0,,
2,11,02,1740,49,56,7,0,,
2,11,01,1741,49,56,7,0,,
2,11,00,1742,49,56,7,0,,
2,10,59,1743,49,56,7,0,,
2,10,58,1744,49,56,7,0,,
2,10,57,1745,49,56,7,0,,
2,10,56,1746,49,56,7,0,,
2,10,55,1747,49,56,7,0,,
2,10,54,1748,49,56,7,0,,
2,10,53,1749,49,56,7,0,,
2,10,52,1750,49,56,7,0,,
2,10,51,1751,49,56,7,0,,
2,10,50,1752,49,56,7,0,,
2,10,49,1753,49,56,7,0,,
2,10,48,1754,49,56,7,0,,
2,10,47,1755,49,56,7,0,,
2,10,46,1756,49,56,7,0,,
2,10,45,1757,49,56,7,0,,
2,10,44,1758,49,56,7,0,,
2,10,43,1759,49,56,7,0,,
2,10,42,1760,49,56,7,0,,
2,10,41,1761,49,56,7,0,,
2,10,40,1762,49,56,7,0,,
2,10,39,1763,49,56,7,0,,
2,10,38,1764,49,56,7,0,,
2,10,37,1765,49,58,9,2,Cameron Boozer,Duke
2,10,36,1766,49,58,9,0,,
2,10,35,1767,49,58,9,0,,
2,10,34,1768,49,58,9,0,,
2,10,33,1769,49,58,9,0,,
2,10,32,1770,49,58,9,0,,
2,10,31,1771,49,58,9,0,,
2,10,30,1772,49,58,9,0,,
2,10,29,1773,49,58,9,0,,
2,10,28,1774,49,58,9,0,,
2,10,27,1775,49,58,9,0,,
2,10,26,1776,49,58,9,0,,
2,10,25,1777,49,58,9,0,,
2,10,24,1778,49,58,9,0,,
2,10,23,1779,49,58,9,0,,
2,10,22,1780,49,58,9,0,,
2,10,21,1781,49,58,9,0,,
2,10,20,1782,49,58,9,0,,
2,10,19,1783,49,58,9,0,,
2,10,18,1784,49,58,9,0,,
2,10,17,1785,49,58,9,0,,
2,10,16,1786,49,58,9,0,,
2,10,15,1787,49,58,9,0,,
2,10,14,1788,49,58,9,0,,
2,10,13,1789,49,58,9,0,,
2,10,12,1790,49,58,9,0,,
2,10,11,1791,49,58,9,0,,
2,10,10,1792,49,58,9,0,,
2,10,09,1793,49,58,9,0,,
2,10,08,1794,49,58,9,0,,
2,10,07,1795,49,58,9,0,,
2,10,06,1796,49,58,9,0,,
2,10,05,1797,49,58,9,0,,
2,10,04,1798,49,58,9,0,,
2,10,03,1799,49,58,9,0,,
2,10,02,1800,49,58,9,0,,
2,10,01,1801,49,58,9,0,,
2,10,00,1802,49,58,9,0,,
2,09,59,1803,49,58,9,0,,
2,09,58,1804,49,58,9,0,,
2,09,57,1805,49,58,9,0,,
2,09,56,1806,49,58,9,0,,
2,09,55,1807,49,58,9,0,,
2,09,54,1808,49,58,9,0,,
2,09,53,1809,49,58,9,0,,
2,09,52,1810,49,58,9,0,,
2,09,51,1811,49,58,9,0,,
2,09,50,1812,49,58,9,0,,
2,09,49,1813,49,58,9,0,,
2,09,48,1814,49,58,9,0,,
2,09,47,1815,49,58,9,0,,
2,09,46,1816,49,58,9,0,,
2,09,45,1817,49,58,9,0,,
2,09,44,1818,49,58,9,0,,
2,09,43,1819,51,58,7,2,Malachi Smith,Uconn
2,09,42,1820,51,58,7,0,,
2,09,41,1821,51,58,7,0,,
2,09,40,1822,51,58,7,0,,
2,09,39,1823,51,58,7,0,,
2,09,38,1824,51,58,7,0,,
2,09,37,1825,51,58,7,0,,
2,09,36,1826,51,58,7,0,,
2,09,35,1827,51,58,7,0,,
2,09,34,1828,51,58,7,0,,
2,09,33,1829,51,58,7,0,,
2,09,32,1830,51,58,7,0,,
2,09,31,1831,51,58,7,0,,
2,09,30,1832,51,58,7,0,,
2,09,29,1833,51,58,7,0,,
2,09,28,1834,51,58,7,0,,
2,09,27,1835,51,58,7,0,,
2,09,26,1836,51,58,7,0,,
2,09,25,1837,51,58,7,0,,
2,09,24,1838,51,58,7,0,,
2,09,23,1839,51,58,7,0,,
2,09,22,1840,51,58,7,0,,
2,09,21,1841,51,58,7,0,,
2,09,20,1842,51,58,7,0,,
2,09,19,1843,51,58,7,0,,
2,09,18,1844,51,58,7,0,,
2,09,17,1845,51,58,7,0,,
2,09,16,1846,51,58,7,0,,
2,09,15,1847,51,58,7,0,,
2,09,14,1848,51,58,7,0,,
2,09,13,1849,51,58,7,0,,
2,09,12,1850,51,58,7,0,,
2,09,11,1851,51,58,7,0,,
2,09,10,1852,51,58,7,0,,
2,09,09,1853,51,58,7,0,,
2,09,08,1854,51,58,7,0,,
2,09,07,1855,51,58,7,0,,
2,09,06,1856,51,58,7,0,,
2,09,05,1857,51,58,7,0,,
2,09,04,1858,51,58,7,0,,
2,09,03,1859,51,58,7,0,,
2,09,02,1860,51,58,7,0,,
2,09,01,1861,51,58,7,0,,
2,09,00,1862,51,58,7,0,,
2,08,59,1863,51,58,7,0,,
2,08,58,1864,51,58,7,0,,
2,08,57,1865,51,58,7,0,,
2,08,56,1866,51,58,7,0,,
2,08,55,1867,51,58,7,0,,
2,08,54,1868,51,58,7,0,,
2,08,53,1869,51,58,7,0,,
2,08,52,1870,51,58,7,0,,
2,08,51,1871,51,58,7,0,,
2,08,50,1872,51,58,7,0,,
2,08,49,1873,51,60,9,2,Nikolas Khamenia,Duke
2,08,48,1874,51,60,9,0,,
2,08,47,1875,51,60,9,0,,
2,08,46,1876,51,60,9,0,,
2,08,45,1877,51,60,9,0,,
2,08,44,1878,51,60,9,0,,
2,08,43,1879,51,60,9,0,,
2,08,42,1880,51,60,9,0,,
2,08,41,1881,51,60,9,0,,
2,08,40,1882,51,60,9,0,,
2,08,39,1883,51,60,9,0,,
2,08,38,1884,51,60,9,0,,
2,08,37,1885,51,60,9,0,,
2,08,36,1886,51,60,9,0,,
2,08,35,1887,51,60,9,0,,
2,08,34,1888,51,60,9,0,,
2,08,33,1889,51,60,9,0,,
2,08,32,1890,51,60,9,0,,
2,08,31,1891,51,60,9,0,,
2,08,30,1892,51,60,9,0,,
2,08,29,1893,51,60,9,0,,
2,08,28,1894,51,60,9,0,,
2,08,27,1895,51,60,9,0,,
2,08,26,1896,51,60,9,0,,
2,08,25,1897,51,60,9,0,,
2,08,24,1898,51,60,9,0,,
2,08,23,1899,51,60,9,0,,
2,08,22,1900,51,60,9,0,,
2,08,21,1901,51,60,9,0,,
2,08,20,1902,51,60,9,0,,
2,08,19,1903,51,60,9,0,,
2,08,18,1904,51,60,9,0,,
2,08,17,1905,51,60,9,0,,
2,08,16,1906,51,60,9,0,,
2,08,15,1907,51,60,9,0,,
2,08,14,1908,51,60,9,0,,
2,08,13,1909,51,60,9,0,,
2,08,12,1910,51,60,9,0,,
2,08,11,1911,51,60,9,0,,
2,08,10,1912,51,60,9,0,,
2,08,09,1913,51,60,9,0,,
2,08,08,1914,51,60,9,0,,
2,08,07,1915,51,60,9,0,,
2,08,06,1916,51,60,9,0,,
2,08,05,1917,51,60,9,0,,
2,08,04,1918,51,60,9,0,,
2,08,03,1919,51,60,9,0,,
2,08,02,1920,51,60,9,0,,
2,08,01,1921,51,60,9,0,,
2,08,00,1922,51,60,9,0,,
2,07,59,1923,51,62,11,2,Cameron Boozer,Duke
2,07,58,1924,51,62,11,0,,
2,07,57,1925,51,62,11,0,,
2,07,56,1926,51,62,11,0,,
2,07,55,1927,51,62,11,0,,
2,07,54,1928,51,62,11,0,,
2,07,53,1929,51,62,11,0,,
2,07,52,1930,51,62,11,0,,
2,07,51,1931,51,62,11,0,,
2,07,50,1932,51,62,11,0,,
2,07,49,1933,51,62,11,0,,
2,07,48,1934,51,62,11,0,,
2,07,47,1935,52,62,10,1,Tarris Reed Jr,Uconn
2,07,46,1936,52,62,10,0,,
2,07,45,1937,52,62,10,0,,
2,07,44,1938,52,62,10,0,,
2,07,43,1939,52,62,10,0,,
2,07,42,1940,52,62,10,0,,
2,07,41,1941,52,62,10,0,,
2,07,40,1942,52,62,10,0,,
2,07,39,1943,52,62,10,0,,
2,07,38,1944,52,62,10,0,,
2,07,37,1945,52,62,10,0,,
2,07,36,1946,52,62,10,0,,
2,07,35,1947,52,62,10,0,,
2,07,34,1948,52,62,10,0,,
2,07,33,1949,52,62,10,0,,
2,07,32,1950,52,62,10,0,,
2,07,31,1951,52,62,10,0,,
2,07,30,1952,52,62,10,0,,
2,07,29,1953,52,62,10,0,,
2,07,28,1954,52,62,10,0,,
2,07,27,1955,52,62,10,0,,
2,07,26,1956,52,62,10,0,,
2,07,25,1957,52,62,10,0,,
2,07,24,1958,52,62,10,0,,
2,07,23,1959,52,62,10,0,,
2,07,22,1960,52,62,10,0,,
2,07,21,1961,52,62,10,0,,
2,07,20,1962,52,62,10,0,,
2,07,19,1963,52,62,10,0,,
2,07,18,1964,52,62,10,0,,
2,07,17,1965,52,62,10,0,,
2,07,16,1966,52,62,10,0,,
2,07,15,1967,52,62,10,0,,
2,07,14,1968,52,62,10,0,,
2,07,13,1969,52,62,10,0,,
2,07,12,1970,52,62,10,0,,
2,07,11,1971,52,62,10,0,,
2,07,10,1972,52,62,10,0,,
2,07,09,1973,52,62,10,0,,
2,07,08,1974,52,62,10,0,,
2,07,07,1975,52,62,10,0,,
2,07,06,1976,52,62,10,0,,
2,07,05,1977,52,62,10,0,,
2,07,04,1978,52,62,10,0,,
2,07,03,1979,52,62,10,0,,
2,07,02,1980,52,62,10,0,,
2,07,01,1981,52,62,10,0,,
2,07,00,1982,55,62,7,3,Silas Demary Jr,Uconn
2,06,59,1983,55,62,7,0,,
2,06,58,1984,55,62,7,0,,
2,06,57,1985,55,62,7,0,,
2,06,56,1986,55,62,7,0,,
2,06,55,1987,55,62,7,0,,
2,06,54,1988,55,62,7,0,,
2,06,53,1989,55,62,7,0,,
2,06,52,1990,55,62,7,0,,
2,06,51,1991,55,62,7,0,,
2,06,50,1992,55,62,7,0,,
2,06,49,1993,55,62,7,0,,
2,06,48,1994,55,62,7,0,,
2,06,47,1995,55,62,7,0,,
2,06,46,1996,55,62,7,0,,
2,06,45,1997,55,62,7,0,,
2,06,44,1998,55,62,7,0,,
2,06,43,1999,55,62,7,0,,
2,06,42,2000,55,62,7,0,,
2,06,41,2001,55,62,7,0,,
2,06,40,2002,55,62,7,0,,
2,06,39,2003,55,62,7,0,,
2,06,38,2004,55,62,7,0,,
2,06,37,2005,55,65,10,3,Nikolas Khamenia,Duke
2,06,36,2006,55,65,10,0,,
2,06,35,2007,55,65,10,0,,
2,06,34,2008,55,65,10,0,,
2,06,33,2009,55,65,10,0,,
2,06,32,2010,55,65,10,0,,
2,06,31,2011,55,65,10,0,,
2,06,30,2012,55,65,10,0,,
2,06,29,2013,55,65,10,0,,
2,06,28,2014,55,65,10,0,,
2,06,27,2015,55,65,10,0,,
2,06,26,2016,55,65,10,0,,
2,06,25,2017,55,65,10,0,,
2,06,24,2018,55,65,10,0,,
2,06,23,2019,55,65,10,0,,
2,06,22,2020,55,65,10,0,,
2,06,21,2021,55,65,10,0,,
2,06,20,2022,55,65,10,0,,
2,06,19,2023,55,65,10,0,,
2,06,18,2024,55,65,10,0,,
2,06,17,2025,55,65,10,0,,
2,06,16,2026,55,65,10,0,,
2,06,15,2027,55,65,10,0,,
2,06,14,2028,55,65,10,0,,
2,06,13,2029,55,65,10,0,,
2,06,12,2030,55,65,10,0,,
2,06,11,2031,55,65,10,0,,
2,06,10,2032,55,65,10,0,,
2,06,09,2033,55,65,10,0,,
2,06,08,2034,55,65,10,0,,
2,06,07,2035,58,65,7,3,Silas Demary Jr,Uconn
2,06,06,2036,58,65,7,0,,
2,06,05,2037,58,65,7,0,,
2,06,04,2038,58,65,7,0,,
2,06,03,2039,58,65,7,0,,
2,06,02,2040,58,65,7,0,,
2,06,01,2041,58,65,7,0,,
2,06,00,2042,58,65,7,0,,
2,05,59,2043,58,65,7,0,,
2,05,58,2044,58,65,7,0,,
2,05,57,2045,58,65,7,0,,
2,05,56,2046,58,65,7,0,,
2,05,55,2047,58,65,7,0,,
2,05,54,2048,58,65,7,0,,
2,05,53,2049,58,65,7,0,,
2,05,52,2050,58,65,7,0,,
2,05,51,2051,58,65,7,0,,
2,05,50,2052,58,65,7,0,,
2,05,49,2053,58,65,7,0,,
2,05,48,2054,58,65,7,0,,
2,05,47,2055,58,65,7,0,,
2,05,46,2056,58,65,7,0,,
2,05,45,2057,58,65,7,0,,
2,05,44,2058,58,65,7,0,,
2,05,43,2059,58,65,7,0,,
2,05,42,2060,58,65,7,0,,
2,05,41,2061,58,65,7,0,,
2,05,40,2062,58,65,7,0,,
2,05,39,2063,58,65,7,0,,
2,05,38,2064,58,65,7,0,,
2,05,37,2065,58,65,7,0,,
2,05,36,2066,58,65,7,0,,
2,05,35,2067,58,65,7,0,,
2,05,34,2068,58,65,7,0,,
2,05,33,2069,58,65,7,0,,
2,05,32,2070,58,65,7,0,,
2,05,31,2071,58,65,7,0,,
2,05,30,2072,58,65,7,0,,
2,05,29,2073,58,65,7,0,,
2,05,28,2074,58,65,7,0,,
2,05,27,2075,58,65,7,0,,
2,05,26,2076,58,65,7,0,,
2,05,25,2077,58,65,7,0,,
2,05,24,2078,58,65,7,0,,
2,05,23,2079,58,65,7,0,,
2,05,22,2080,58,65,7,0,,
2,05,21,2081,58,65,7,0,,
2,05,20,2082,58,65,7,0,,
2,05,19,2083,58,65,7,0,,
2,05,18,2084,58,65,7,0,,
2,05,17,2085,58,65,7,0,,
2,05,16,2086,58,65,7,0,,
2,05,15,2087,58,65,7,0,,
2,05,14,2088,58,65,7,0,,
2,05,13,2089,58,65,7,0,,
2,05,12,2090,58,65,7,0,,
2,05,11,2091,58,65,7,0,,
2,05,10,2092,58,65,7,0,,
2,05,09,2093,58,65,7,0,,
2,05,08,2094,58,65,7,0,,
2,05,07,2095,58,65,7,0,,
2,05,06,2096,58,65,7,0,,
2,05,05,2097,58,65,7,0,,
2,05,04,2098,58,65,7,0,,
2,05,03,2099,58,67,9,2,Isaiah Evans,Duke
2,05,02,2100,58,67,9,0,,
2,05,01,2101,58,67,9,0,,
2,05,00,2102,58,67,9,0,,
2,04,59,2103,58,67,9,0,,
2,04,58,2104,58,67,9,0,,
2,04,57,2105,58,67,9,0,,
2,04,56,2106,58,67,9,0,,
2,04,55,2107,58,67,9,0,,
2,04,54,2108,58,67,9,0,,
2,04,53,2109,58,67,9,0,,
2,04,52,2110,58,67,9,0,,
2,04,51,2111,58,67,9,0,,
2,04,50,2112,58,67,9,0,,
2,04,49,2113,58,67,9,0,,
2,04,48,2114,60,67,7,2,Solo Ball,Uconn
2,04,47,2115,60,67,7,0,,
2,04,46,2116,60,67,7,0,,
2,04,45,2117,60,67,7,0,,
2,04,44,2118,60,67,7,0,,
2,04,43,2119,60,67,7,0,,
2,04,42,2120,60,67,7,0,,
2,04,41,2121,60,67,7,0,,
2,04,40,2122,60,67,7,0,,
2,04,39,2123,60,67,7,0,,
2,04,38,2124,60,67,7,0,,
2,04,37,2125,60,67,7,0,,
2,04,36,2126,60,67,7,0,,
2,04,35,2127,60,67,7,0,,
2,04,34,2128,60,67,7,0,,
2,04,33,2129,60,67,7,0,,
2,04,32,2130,60,67,7,0,,
2,04,31,2131,60,67,7,0,,
2,04,30,2132,60,67,7,0,,
2,04,29,2133,60,67,7,0,,
2,04,28,2134,60,67,7,0,,
2,04,27,2135,60,67,7,0,,
2,04,26,2136,60,67,7,0,,
2,04,25,2137,60,67,7,0,,
2,04,24,2138,60,67,7,0,,
2,04,23,2139,60,67,7,0,,
2,04,22,2140,60,67,7,0,,
2,04,21,2141,60,67,7,0,,
2,04,20,2142,60,67,7,0,,
2,04,19,2143,60,67,7,0,,
2,04,18,2144,60,67,7,0,,
2,04,17,2145,60,67,7,0,,
2,04,16,2146,60,67,7,0,,
2,04,15,2147,60,67,7,0,,
2,04,14,2148,60,67,7,0,,
2,04,13,2149,62,67,5,2,Tarris Reed Jr,Uconn
2,04,12,2150,62,67,5,0,,
2,04,11,2151,62,67,5,0,,
2,04,10,2152,62,67,5,0,,
2,04,09,2153,62,67,5,0,,
2,04,08,2154,62,67,5,0,,
2,04,07,2155,62,67,5,0,,
2,04,06,2156,62,67,5,0,,
2,04,05,2157,62,67,5,0,,
2,04,04,2158,62,67,5,0,,
2,04,03,2159,62,67,5,0,,
2,04,02,2160,62,67,5,0,,
2,04,01,2161,62,67,5,0,,
2,04,00,2162,62,67,5,0,,
2,03,59,2163,62,67,5,0,,
2,03,58,2164,62,67,5,0,,
2,03,57,2165,62,67,5,0,,
2,03,56,2166,62,67,5,0,,
2,03,55,2167,62,67,5,0,,
2,03,54,2168,62,67,5,0,,
2,03,53,2169,62,67,5,0,,
2,03,52,2170,62,67,5,0,,
2,03,51,2171,62,67,5,0,,
2,03,50,2172,62,67,5,0,,
2,03,49,2173,62,67,5,0,,
2,03,48,2174,62,67,5,0,,
2,03,47,2175,62,67,5,0,,
2,03,46,2176,62,67,5,0,,
2,03,45,2177,62,67,5,0,,
2,03,44,2178,62,67,5,0,,
2,03,43,2179,62,67,5,0,,
2,03,42,2180,65,67,2,3,Solo Ball,Uconn
2,03,41,2181,65,67,2,0,,
2,03,40,2182,65,67,2,0,,
2,03,39,2183,65,67,2,0,,
2,03,38,2184,65,67,2,0,,
2,03,37,2185,65,67,2,0,,
2,03,36,2186,65,67,2,0,,
2,03,35,2187,65,67,2,0,,
2,03,34,2188,65,67,2,0,,
2,03,33,2189,65,67,2,0,,
2,03,32,2190,65,67,2,0,,
2,03,31,2191,65,67,2,0,,
2,03,30,2192,65,67,2,0,,
2,03,29,2193,65,67,2,0,,
2,03,28,2194,65,67,2,0,,
2,03,27,2195,65,67,2,0,,
2,03,26,2196,65,67,2,0,,
2,03,25,2197,65,67,2,0,,
2,03,24,2198,65,67,2,0,,
2,03,23,2199,65,67,2,0,,
2,03,22,2200,65,69,4,2,Cameron Boozer,Duke
2,03,21,2201,65,69,4,0,,
2,03,20,2202,65,69,4,0,,
2,03,19,2203,65,69,4,0,,
2,03,18,2204,65,69,4,0,,
2,03,17,2205,65,69,4,0,,
2,03,16,2206,65,69,4,0,,
2,03,15,2207,65,69,4,0,,
2,03,14,2208,65,69,4,0,,
2,03,13,2209,65,69,4,0,,
2,03,12,2210,65,69,4,0,,
2,03,11,2211,65,69,4,0,,
2,03,10,2212,65,69,4,0,,
2,03,09,2213,65,69,4,0,,
2,03,08,2214,65,69,4,0,,
2,03,07,2215,65,69,4,0,,
2,03,06,2216,65,69,4,0,,
2,03,05,2217,65,69,4,0,,
2,03,04,2218,65,69,4,0,,
2,03,03,2219,65,69,4,0,,
2,03,02,2220,65,69,4,0,,
2,03,01,2221,65,69,4,0,,
2,03,00,2222,65,69,4,0,,
2,02,59,2223,65,69,4,0,,
2,02,58,2224,65,69,4,0,,
2,02,57,2225,65,69,4,0,,
2,02,56,2226,65,69,4,0,,
2,02,55,2227,65,69,4,0,,
2,02,54,2228,65,69,4,0,,
2,02,53,2229,65,69,4,0,,
2,02,52,2230,65,69,4,0,,
2,02,51,2231,65,69,4,0,,
2,02,50,2232,65,69,4,0,,
2,02,49,2233,65,69,4,0,,
2,02,48,2234,65,69,4,0,,
2,02,47,2235,65,69,4,0,,
2,02,46,2236,65,69,4,0,,
2,02,45,2237,65,69,4,0,,
2,02,44,2238,65,69,4,0,,
2,02,43,2239,65,69,4,0,,
2,02,42,2240,65,69,4,0,,
2,02,41,2241,65,69,4,0,,
2,02,40,2242,65,69,4,0,,
2,02,39,2243,65,69,4,0,,
2,02,38,2244,65,69,4,0,,
2,02,37,2245,65,69,4,0,,
2,02,36,2246,65,69,4,0,,
2,02,35,2247,65,69,4,0,,
2,02,34,2248,65,69,4,0,,
2,02,33,2249,65,69,4,0,,
2,02,32,2250,65,69,4,0,,
2,02,31,2251,65,69,4,0,,
2,02,30,2252,65,69,4,0,,
2,02,29,2253,65,69,4,0,,
2,02,28,2254,65,69,4,0,,
2,02,27,2255,65,69,4,0,,
2,02,26,2256,65,69,4,0,,
2,02,25,2257,65,69,4,0,,
2,02,24,2258,65,69,4,0,,
2,02,23,2259,65,69,4,0,,
2,02,22,2260,65,69,4,0,,
2,02,21,2261,65,69,4,0,,
2,02,20,2262,65,69,4,0,,
2,02,19,2263,65,69,4,0,,
2,02,18,2264,65,69,4,0,,
2,02,17,2265,65,69,4,0,,
2,02,16,2266,65,69,4,0,,
2,02,15,2267,65,69,4,0,,
2,02,14,2268,65,69,4,0,,
2,02,13,2269,65,69,4,0,,
2,02,12,2270,65,69,4,0,,
2,02,11,2271,65,69,4,0,,
2,02,10,2272,65,69,4,0,,
2,02,09,2273,65,69,4,0,,
2,02,08,2274,65,69,4,0,,
2,02,07,2275,65,69,4,0,,
2,02,06,2276,65,69,4,0,,
2,02,05,2277,65,69,4,0,,
2,02,04,2278,65,69,4,0,,
2,02,03,2279,65,69,4,0,,
2,02,02,2280,65,69,4,0,,
2,02,01,2281,65,69,4,0,,
2,02,00,2282,65,69,4,0,,
2,01,59,2283,65,69,4,0,,
2,01,58,2284,65,69,4,0,,
2,01,57,2285,65,69,4,0,,
2,01,56,2286,65,69,4,0,,
2,01,55,2287,65,69,4,0,,
2,01,54,2288,65,69,4,0,,
2,01,53,2289,65,69,4,0,,
2,01,52,2290,65,69,4,0,,
2,01,51,2291,65,70,5,1,Patrick Ngongba II,Duke
2,01,50,2292,65,70,5,0,,
2,01,49,2293,65,70,5,0,,
2,01,48,2294,65,70,5,0,,
2,01,47,2295,65,70,5,0,,
2,01,46,2296,65,70,5,0,,
2,01,45,2297,65,70,5,0,,
2,01,44,2298,65,70,5,0,,
2,01,43,2299,65,70,5,0,,
2,01,42,2300,65,70,5,0,,
2,01,41,2301,65,70,5,0,,
2,01,40,2302,65,70,5,0,,
2,01,39,2303,65,70,5,0,,
2,01,38,2304,65,70,5,0,,
2,01,37,2305,65,70,5,0,,
2,01,36,2306,65,70,5,0,,
2,01,35,2307,65,70,5,0,,
2,01,34,2308,65,70,5,0,,
2,01,33,2309,65,70,5,0,,
2,01,32,2310,65,70,5,0,,
2,01,31,2311,66,70,4,1,Solo Ball,Uconn
2,01,30,2312,66,70,4,0,,
2,01,29,2313,66,70,4,0,,
2,01,28,2314,66,70,4,0,,
2,01,27,2315,66,70,4,0,,
2,01,26,2316,66,70,4,0,,
2,01,25,2317,66,70,4,0,,
2,01,24,2318,66,70,4,0,,
2,01,23,2319,66,70,4,0,,
2,01,22,2320,66,70,4,0,,
2,01,21,2321,66,70,4,0,,
2,01,20,2322,66,70,4,0,,
2,01,19,2323,66,70,4,0,,
2,01,18,2324,66,70,4,0,,
2,01,17,2325,66,70,4,0,,
2,01,16,2326,66,70,4,0,,
2,01,15,2327,66,70,4,0,,
2,01,14,2328,66,70,4,0,,
2,01,13,2329,66,70,4,0,,
2,01,12,2330,66,70,4,0,,
2,01,11,2331,66,70,4,0,,
2,01,10,2332,66,70,4,0,,
2,01,09,2333,66,70,4,0,,
2,01,08,2334,66,70,4,0,,
2,01,07,2335,66,70,4,0,,
2,01,06,2336,66,70,4,0,,
2,01,05,2337,66,70,4,0,,
2,01,04,2338,66,70,4,0,,
2,01,03,2339,66,70,4,0,,
2,01,02,2340,66,70,4,0,,
2,01,01,2341,66,70,4,0,,
2,01,00,2342,66,70,4,0,,
2,00,59,2343,66,70,4,0,,
2,00,58,2344,66,70,4,0,,
2,00,57,2345,66,70,4,0,,
2,00,56,2346,66,70,4,0,,
2,00,55,2347,66,70,4,0,,
2,00,54,2348,66,70,4,0,,
2,00,53,2349,66,70,4,0,,
2,00,52,2350,66,70,4,0,,
2,00,51,2351,66,70,4,0,,
2,00,50,2352,69,70,1,3,Alex Karaban,Uconn
2,00,49,2353,69,70,1,0,,
2,00,48,2354,69,70,1,0,,
2,00,47,2355,69,70,1,0,,
2,00,46,2356,69,70,1,0,,
2,00,45,2357,69,70,1,0,,
2,00,44,2358,69,70,1,0,,
2,00,43,2359,69,70,1,0,,
2,00,42,2360,69,70,1,0,,
2,00,41,2361,69,70,1,0,,
2,00,40,2362,69,70,1,0,,
2,00,39,2363,69,70,1,0,,
2,00,38,2364,69,70,1,0,,
2,00,37,2365,69,70,1,0,,
2,00,36,2366,69,70,1,0,,
2,00,35,2367,69,70,1,0,,
2,00,34,2368,69,70,1,0,,
2,00,33,2369,69,70,1,0,,
2,00,32,2370,69,70,1,0,,
2,00,31,2371,69,70,1,0,,
2,00,30,2372,69,70,1,0,,
2,00,29,2373,69,70,1,0,,
2,00,28,2374,69,72,3,2,Cameron Boozer,Duke
2,00,27,2375,69,72,3,0,,
2,00,26,2376,69,72,3,0,,
2,00,25,2377,69,72,3,0,,
2,00,24,2378,69,72,3,0,,
2,00,23,2379,69,72,3,0,,
2,00,22,2380,69,72,3,0,,
2,00,21,2381,69,72,3,0,,
2,00,20,2382,69,72,3,0,,
2,00,19,2383,69,72,3,0,,
2,00,18,2384,69,72,3,0,,
2,00,17,2385,69,72,3,0,,
2,00,16,2386,69,72,3,0,,
2,00,15,2387,69,72,3,0,,
2,00,14,2388,69,72,3,0,,
2,00,13,2389,69,72,3,0,,
2,00,12,2390,69,72,3,0,,
2,00,11,2391,69,72,3,0,,
2,00,10,2392,70,72,2,1,Silas Demary Jr,Uconn
2,00,09,2393,69,72,3,0,,
2,00,08,2394,69,72,3,0,,
2,00,07,2395,69,72,3,0,,
2,00,06,2396,69,72,3,0,,
2,00,05,2397,69,72,3,0,,
2,00,04,2398,69,72,3,0,,
2,00,03,2399,69,72,3,0,,
2,00,02,2400,69,72,3,0,,
2,00,01,2401,73,72,-1,3,Braylon Mullins,Uconn
2,00,00,2402,73,72,-1,0,,